IdL,verifie,nom
1,0,Poireau
2,0,Salsifis
3,1,Panais
4,1,Topinambour
5,0,Salsifis
6,0,Artichaut
7,1,Carotte
8,1,Chou
9,0,Salsifis
10,1,Panais
11,1,Chou
12,1,Raifort
13,0,Poireau
14,0,Raifort
15,0,Topinambour
16,0,Betterave
17,1,Artichaut
18,1,Poireau
19,1,Chou
20,1,Poireau
21,1,Raifort
22,1,Artichaut
23,0,Artichaut
24,0,Raifort
25,0,Betterave
26,1,Carotte
27,1,Carotte
28,1,Navet
29,1,Navet
30,0,Salsifis
31,0,Chou
32,0,Ail
33,1,Betterave
34,1,Navet
35,0,Salsifis
36,1,Raifort
37,1,Navet
38,0,Poireau
39,0,Artichaut
40,0,Artichaut
41,0,Salsifis
42,1,Betterave
43,0,Panais
44,0,Chou
45,1,Artichaut
46,0,Carotte
47,0,Salsifis
48,0,Poireau
49,0,Chou
50,1,Carotte
51,0,Oignon
52,0,Betterave
53,1,Artichaut
54,1,Topinambour
55,0,Navet
56,0,Poireau
57,1,Salsifis
58,0,Artichaut
59,1,Ail
60,1,Salsifis
61,1,Poireau
62,0,Oignon
63,0,Carotte
64,1,Poireau
65,1,Topinambour
66,0,Poireau
67,1,Raifort
68,1,Betterave
69,1,Artichaut
70,1,Poireau
71,0,Artichaut
72,1,Chou
73,0,Navet
74,0,Panais
75,1,Oignon
76,1,Panais
77,1,Chou
78,1,Oignon
79,0,Artichaut
80,1,Chou
81,1,Carotte
82,0,Artichaut
83,1,Betterave
84,1,Topinambour
85,0,Panais
86,1,Chou
87,0,Topinambour
88,1,Chou
89,0,Navet
90,1,Ail
91,0,Ail
92,0,Ail
93,1,Poireau
94,0,Raifort
95,0,Carotte
96,1,Topinambour
97,1,Navet
98,0,Navet
99,1,Chou
100,1,Carotte
101,1,Navet
102,0,Ail
103,1,Salsifis
104,0,Ail
105,0,Ail
106,0,Poireau
107,0,Ail
108,0,Ail
109,1,Ail
110,1,Topinambour
111,1,Salsifis
112,1,Raifort
113,1,Carotte
114,1,Topinambour
115,1,Raifort
116,0,Salsifis
117,0,Oignon
118,0,Poireau
119,1,Carotte
120,0,Navet
121,1,Carotte
122,0,Oignon
123,0,Topinambour
124,1,Ail
125,0,Poireau
126,1,Topinambour
127,1,Chou
128,0,Topinambour
129,1,Navet
130,1,Panais
131,0,Artichaut
132,0,Ail
133,0,Poireau
134,1,Salsifis
135,0,Artichaut
136,0,Artichaut
137,1,Chou
138,1,Topinambour
139,0,Raifort
140,1,Panais
141,0,Ail
142,1,Carotte
143,1,Chou
144,1,Oignon
145,0,Navet
146,0,Carotte
147,0,Navet
148,1,Betterave
149,1,Topinambour
150,0,Betterave
151,1,Panais
152,1,Carotte
153,1,Oignon
154,0,Panais
155,1,Chou
156,0,Carotte
157,0,Oignon
158,0,Topinambour
159,0,Oignon
160,1,Raifort
161,0,Chou
162,1,Betterave
163,1,Topinambour
164,0,Oignon
165,1,Betterave
166,1,Raifort
167,1,Ail
168,0,Oignon
169,1,Oignon
170,1,Oignon
171,1,Betterave
172,1,Oignon
173,0,Panais
174,1,Chou
175,1,Poireau
176,1,Poireau
177,0,Raifort
178,1,Artichaut
179,0,Panais
180,1,Artichaut
181,0,Betterave
182,1,Oignon
183,0,Carotte
184,0,Oignon
185,0,Topinambour
186,1,Carotte
187,0,Carotte
188,0,Betterave
189,0,Salsifis
190,1,Panais
191,0,Ail
192,0,Chou
193,1,Carotte
194,1,Navet
195,1,Betterave
196,1,Carotte
197,1,Ail
198,0,Betterave
199,1,Salsifis
200,1,Betterave
201,1,Poireau
202,0,Navet
203,0,Raifort
204,0,Carotte
205,1,Oignon
206,0,Poireau
207,0,Topinambour
208,1,Betterave
209,1,Artichaut
210,1,Salsifis
211,1,Poireau
212,1,Oignon
213,0,Ail
214,1,Salsifis
215,1,Raifort
216,0,Salsifis
217,0,Carotte
218,0,Betterave
219,0,Chou
220,1,Oignon
221,1,Betterave
222,0,Panais
223,0,Salsifis
224,1,Navet
225,1,Navet
226,1,Poireau
227,0,Panais
228,0,Panais
229,1,Navet
230,0,Poireau
231,1,Carotte
232,1,Salsifis
233,1,Oignon
234,1,Chou
235,0,Artichaut
236,1,Carotte
237,0,Oignon
238,1,Oignon
239,0,Chou
240,1,Chou
241,0,Oignon
242,0,Oignon
243,0,Poireau
244,1,Salsifis
245,0,Ail
246,1,Topinambour
247,0,Raifort
248,0,Navet
249,1,Betterave
250,0,Panais
251,0,Oignon
252,1,Navet
253,0,Ail
254,1,Chou
255,0,Ail
256,1,Betterave
257,1,Ail
258,0,Navet
259,0,Chou
260,0,Navet
261,0,Chou
262,0,Poireau
263,0,Betterave
264,0,Navet
265,1,Chou
266,0,Poireau
267,1,Oignon
268,1,Topinambour
269,0,Carotte
270,1,Panais
271,0,Panais
272,1,Topinambour
273,0,Ail
274,0,Panais
275,1,Carotte
276,1,Chou
277,0,Betterave
278,1,Topinambour
279,1,Ail
280,1,Betterave
281,1,Raifort
282,1,Panais
283,1,Chou
284,1,Oignon
285,0,Raifort
286,1,Carotte
287,1,Betterave
288,1,Oignon
289,1,Betterave
290,1,Navet
291,1,Ail
292,0,Topinambour
293,0,Topinambour
294,0,Oignon
295,0,Ail
296,1,Ail
297,0,Salsifis
298,1,Oignon
299,1,Chou
300,0,Chou
301,1,Salsifis
302,1,Oignon
303,0,Carotte
304,0,Chou
305,1,Topinambour
306,0,Oignon
307,1,Chou
308,0,Ail
309,1,Oignon
310,0,Salsifis
311,0,Ail
312,1,Chou
313,1,Topinambour
314,0,Chou
315,0,Panais
316,0,Ail
317,1,Salsifis
318,0,Navet
319,1,Poireau
320,1,Oignon
321,1,Betterave
322,0,Oignon
323,1,Betterave
324,0,Salsifis
325,0,Raifort
326,1,Artichaut
327,0,Topinambour
328,0,Oignon
329,1,Panais
330,0,Ail
331,1,Raifort
332,1,Carotte
333,1,Raifort
334,1,Poireau
335,0,Oignon
336,0,Oignon
337,1,Salsifis
338,1,Raifort
339,1,Ail
340,0,Poireau
341,1,Ail
342,1,Poireau
343,0,Betterave
344,1,Ail
345,1,Raifort
346,0,Artichaut
347,1,Navet
348,1,Chou
349,0,Artichaut
350,1,Topinambour
351,1,Panais
352,0,Betterave
353,0,Artichaut
354,1,Chou
355,1,Betterave
356,1,Panais
357,1,Chou
358,1,Artichaut
359,1,Artichaut
360,0,Artichaut
361,1,Betterave
362,1,Betterave
363,0,Raifort
364,1,Panais
365,0,Chou
366,0,Oignon
367,1,Navet
368,0,Betterave
369,0,Ail
370,0,Oignon
371,1,Chou
372,0,Ail
373,1,Artichaut
374,1,Carotte
375,0,Ail
376,1,Ail
377,0,Betterave
378,0,Poireau
379,1,Panais
380,0,Topinambour
381,1,Ail
382,0,Panais
383,0,Chou
384,0,Ail
385,1,Carotte
386,0,Navet
387,1,Oignon
388,1,Poireau
389,0,Navet
390,0,Panais
391,1,Chou
392,1,Ail
393,0,Betterave
394,0,Poireau
395,0,Carotte
396,1,Poireau
397,0,Navet
398,0,Topinambour
399,0,Carotte
400,1,Topinambour
401,1,Navet
402,1,Salsifis
403,0,Panais
404,1,Navet
405,0,Ail
406,0,Topinambour
407,0,Navet
408,1,Panais
409,1,Oignon
410,1,Betterave
411,1,Betterave
412,1,Oignon
413,0,Panais
414,0,Artichaut
415,1,Panais
416,0,Betterave
417,0,Carotte
418,1,Artichaut
419,1,Panais
420,0,Navet
421,0,Topinambour
422,1,Oignon
423,0,Ail
424,0,Raifort
425,0,Poireau
426,1,Navet
427,0,Chou
428,0,Chou
429,0,Betterave
430,0,Oignon
431,0,Chou
432,0,Artichaut
433,0,Salsifis
434,0,Poireau
435,0,Salsifis
436,0,Topinambour
437,1,Topinambour
438,1,Chou
439,0,Ail
440,0,Topinambour
441,1,Carotte
442,1,Salsifis
443,0,Salsifis
444,0,Raifort
445,1,Chou
446,0,Ail
447,1,Poireau
448,0,Navet
449,0,Oignon
450,0,Carotte
451,1,Navet
452,0,Raifort
453,1,Navet
454,0,Chou
455,1,Oignon
456,0,Ail
457,0,Raifort
458,1,Salsifis
459,0,Oignon
460,1,Ail
461,0,Navet
462,1,Panais
463,0,Betterave
464,1,Topinambour
465,1,Carotte
466,1,Oignon
467,0,Ail
468,0,Panais
469,0,Navet
470,1,Topinambour
471,0,Oignon
472,1,Betterave
473,0,Raifort
474,1,Ail
475,1,Oignon
476,0,Raifort
477,0,Topinambour
478,0,Betterave
479,1,Chou
480,0,Artichaut
481,0,Betterave
482,1,Salsifis
483,0,Salsifis
484,1,Raifort
485,0,Chou
486,0,Carotte
487,1,Raifort
488,1,Topinambour
489,0,Chou
490,0,Carotte
491,1,Carotte
492,0,Oignon
493,0,Navet
494,1,Carotte
495,0,Ail
496,0,Carotte
497,1,Salsifis
498,0,Carotte
499,0,Artichaut
500,1,Topinambour
501,1,Topinambour
502,0,Carotte
503,0,Topinambour
504,1,Oignon
505,0,Ail
506,0,Poireau
507,0,Topinambour
508,0,Oignon
509,1,Panais
510,1,Navet
511,1,Carotte
512,1,Ail
513,0,Carotte
514,0,Ail
515,0,Oignon
516,0,Salsifis
517,0,Panais
518,1,Panais
519,1,Chou
520,1,Betterave
521,0,Artichaut
522,1,Artichaut
523,1,Betterave
524,1,Artichaut
525,1,Ail
526,0,Raifort
527,1,Chou
528,1,Topinambour
529,1,Salsifis
530,0,Navet
531,1,Betterave
532,0,Raifort
533,0,Poireau
534,1,Poireau
535,0,Chou
536,0,Raifort
537,0,Artichaut
538,1,Topinambour
539,0,Artichaut
540,1,Ail
541,1,Topinambour
542,0,Carotte
543,1,Salsifis
544,1,Navet
545,0,Panais
546,1,Panais
547,1,Raifort
548,0,Salsifis
549,1,Navet
550,1,Oignon
551,0,Betterave
552,1,Navet
553,1,Betterave
554,1,Artichaut
555,0,Artichaut
556,0,Carotte
557,0,Oignon
558,1,Poireau
559,1,Topinambour
560,1,Ail
561,0,Ail
562,0,Navet
563,1,Carotte
564,0,Salsifis
565,1,Oignon
566,0,Poireau
567,0,Artichaut
568,1,Ail
569,1,Poireau
570,0,Betterave
571,0,Salsifis
572,0,Salsifis
573,1,Navet
574,1,Navet
575,1,Topinambour
576,0,Ail
577,1,Oignon
578,1,Poireau
579,0,Oignon
580,1,Poireau
581,0,Chou
582,0,Raifort
583,0,Navet
584,1,Navet
585,0,Chou
586,0,Panais
587,1,Chou
588,1,Panais
589,1,Chou
590,1,Salsifis
591,1,Carotte
592,0,Oignon
593,1,Topinambour
594,1,Chou
595,0,Salsifis
596,0,Chou
597,0,Betterave
598,0,Salsifis
599,0,Betterave
600,1,Carotte
601,1,Poireau
602,1,Raifort
603,0,Topinambour
604,1,Ail
605,0,Betterave
606,0,Ail
607,1,Panais
608,1,Carotte
609,0,Chou
610,0,Navet
611,0,Topinambour
612,0,Salsifis
613,0,Betterave
614,0,Raifort
615,1,Navet
616,1,Poireau
617,1,Navet
618,0,Oignon
619,1,Topinambour
620,0,Ail
621,1,Navet
622,0,Oignon
623,1,Carotte
624,0,Topinambour
625,1,Betterave
626,1,Carotte
627,1,Panais
628,0,Panais
629,1,Ail
630,1,Artichaut
631,0,Topinambour
632,0,Topinambour
633,1,Artichaut
634,0,Ail
635,0,Panais
636,1,Betterave
637,0,Carotte
638,0,Poireau
639,0,Carotte
640,1,Panais
641,1,Topinambour
642,1,Topinambour
643,0,Raifort
644,1,Ail
645,1,Artichaut
646,0,Topinambour
647,0,Carotte
648,1,Artichaut
649,1,Salsifis
650,0,Panais
651,1,Oignon
652,1,Betterave
653,1,Poireau
654,0,Carotte
655,1,Topinambour
656,0,Panais
657,0,Raifort
658,1,Carotte
659,1,Salsifis
660,0,Poireau
661,0,Betterave
662,1,Salsifis
663,0,Navet
664,0,Artichaut
665,1,Artichaut
666,0,Oignon
667,1,Carotte
668,1,Oignon
669,1,Chou
670,0,Chou
671,1,Navet
672,1,Navet
673,0,Topinambour
674,0,Topinambour
675,0,Raifort
676,1,Navet
677,1,Betterave
678,1,Salsifis
679,1,Oignon
680,1,Raifort
681,1,Panais
682,0,Raifort
683,0,Topinambour
684,1,Raifort
685,1,Topinambour
686,0,Navet
687,0,Salsifis
688,1,Poireau
689,0,Oignon
690,0,Panais
691,0,Panais
692,0,Ail
693,0,Poireau
694,0,Oignon
695,0,Salsifis
696,0,Panais
697,1,Salsifis
698,0,Betterave
699,0,Poireau
700,1,Salsifis
701,0,Poireau
702,1,Salsifis
703,0,Panais
704,0,Salsifis
705,0,Chou
706,0,Oignon
707,1,Carotte
708,0,Chou
709,1,Salsifis
710,0,Oignon
711,0,Panais
712,1,Topinambour
713,1,Panais
714,0,Raifort
715,0,Artichaut
716,1,Oignon
717,0,Chou
718,1,Raifort
719,0,Poireau
720,1,Panais
721,1,Betterave
722,1,Navet
723,0,Topinambour
724,1,Artichaut
725,1,Poireau
726,0,Salsifis
727,0,Ail
728,1,Chou
729,1,Chou
730,0,Ail
731,1,Chou
732,1,Artichaut
733,0,Artichaut
734,0,Panais
735,0,Ail
736,1,Salsifis
737,0,Ail
738,1,Raifort
739,0,Salsifis
740,1,Salsifis
741,0,Navet
742,1,Navet
743,0,Poireau
744,0,Salsifis
745,1,Artichaut
746,1,Carotte
747,1,Artichaut
748,0,Navet
749,1,Panais
750,1,Raifort
751,1,Salsifis
752,1,Panais
753,1,Topinambour
754,1,Panais
755,1,Carotte
756,1,Raifort
757,0,Artichaut
758,0,Poireau
759,0,Chou
760,1,Raifort
761,1,Topinambour
762,1,Artichaut
763,1,Carotte
764,1,Topinambour
765,1,Salsifis
766,0,Salsifis
767,0,Panais
768,1,Carotte
769,0,Poireau
770,0,Panais
771,0,Panais
772,0,Betterave
773,1,Chou
774,0,Artichaut
775,1,Betterave
776,0,Salsifis
777,0,Artichaut
778,0,Artichaut
779,0,Panais
780,1,Panais
781,1,Salsifis
782,1,Chou
783,0,Chou
784,1,Oignon
785,0,Chou
786,0,Artichaut
787,1,Topinambour
788,0,Panais
789,1,Salsifis
790,1,Oignon
791,0,Poireau
792,1,Navet
793,0,Salsifis
794,1,Navet
795,0,Poireau
796,0,Navet
797,1,Ail
798,0,Betterave
799,0,Carotte
800,0,Chou
801,0,Artichaut
802,1,Poireau
803,1,Artichaut
804,1,Chou
805,1,Oignon
806,1,Betterave
807,0,Salsifis
808,0,Topinambour
809,0,Salsifis
810,1,Salsifis
811,1,Topinambour
812,0,Poireau
813,1,Carotte
814,1,Carotte
815,1,Ail
816,0,Ail
817,1,Oignon
818,0,Chou
819,1,Salsifis
820,1,Carotte
821,1,Betterave
822,1,Betterave
823,0,Panais
824,1,Artichaut
825,1,Poireau
826,0,Chou
827,1,Salsifis
828,1,Chou
829,1,Carotte
830,1,Oignon
831,1,Salsifis
832,0,Chou
833,1,Betterave
834,1,Panais
835,1,Topinambour
836,0,Panais
837,1,Raifort
838,0,Carotte
839,0,Ail
840,1,Betterave
841,0,Carotte
842,0,Artichaut
843,0,Raifort
844,1,Ail
845,0,Panais
846,1,Poireau
847,0,Raifort
848,1,Topinambour
849,1,Ail
850,1,Ail
851,0,Poireau
852,0,Raifort
853,0,Navet
854,0,Oignon
855,1,Raifort
856,1,Panais
857,0,Raifort
858,0,Chou
859,1,Poireau
860,1,Raifort
861,0,Poireau
862,0,Raifort
863,1,Carotte
864,0,Chou
865,0,Carotte
866,0,Poireau
867,1,Raifort
868,1,Oignon
869,0,Artichaut
870,1,Ail
871,1,Betterave
872,1,Raifort
873,0,Raifort
874,0,Salsifis
875,0,Oignon
876,0,Oignon
877,0,Ail
878,0,Betterave
879,1,Raifort
880,0,Raifort
881,1,Poireau
882,1,Carotte
883,1,Poireau
884,0,Betterave
885,0,Carotte
886,1,Betterave
887,0,Panais
888,1,Oignon
889,1,Salsifis
890,1,Ail
891,1,Poireau
892,0,Carotte
893,1,Topinambour
894,0,Betterave
895,0,Navet
896,1,Chou
897,1,Chou
898,0,Ail
899,1,Panais
900,1,Panais
901,1,Chou
902,0,Poireau
903,0,Topinambour
904,1,Topinambour
905,1,Chou
906,1,Navet
907,0,Oignon
908,0,Ail
909,1,Panais
910,0,Oignon
911,1,Poireau
912,1,Carotte
913,0,Ail
914,1,Raifort
915,0,Topinambour
916,1,Topinambour
917,1,Chou
918,1,Salsifis
919,1,Chou
920,1,Chou
921,0,Oignon
922,0,Carotte
923,0,Artichaut
924,0,Chou
925,0,Salsifis
926,0,Oignon
927,1,Artichaut
928,0,Navet
929,1,Chou
930,0,Navet
931,1,Betterave
932,0,Salsifis
933,0,Navet
934,0,Carotte
935,0,Panais
936,0,Ail
937,1,Poireau
938,0,Raifort
939,1,Salsifis
940,0,Betterave
941,1,Poireau
942,0,Navet
943,0,Poireau
944,0,Betterave
945,1,Raifort
946,1,Topinambour
947,0,Poireau
948,0,Artichaut
949,0,Topinambour
950,0,Salsifis
951,1,Poireau
952,0,Panais
953,1,Chou
954,1,Artichaut
955,1,Poireau
956,0,Betterave
957,0,Artichaut
958,0,Poireau
959,1,Panais
960,0,Poireau
961,1,Betterave
962,1,Salsifis
963,1,Ail
964,0,Oignon
965,0,Salsifis
966,0,Raifort
967,0,Poireau
968,0,Panais
969,1,Navet
970,1,Salsifis
971,0,Carotte
972,1,Ail
973,1,Artichaut
974,1,Oignon
975,1,Oignon
976,1,Panais
977,0,Chou
978,1,Betterave
979,0,Raifort
980,0,Chou
981,0,Poireau
982,0,Chou
983,1,Ail
984,1,Poireau
985,0,Poireau
986,1,Artichaut
987,0,Navet
988,1,Topinambour
989,1,Carotte
990,0,Oignon
991,1,Poireau
992,1,Carotte
993,0,Topinambour
994,1,Carotte
995,0,Chou
996,1,Salsifis
997,1,Carotte
998,1,Oignon
999,1,Carotte
1000,1,Oignon
1001,0,Artichaut
1002,1,Panais
1003,0,Raifort
1004,0,Panais
1005,0,Betterave
1006,1,Oignon
1007,1,Poireau
1008,0,Topinambour
1009,0,Artichaut
1010,0,Salsifis
1011,0,Chou
1012,0,Ail
1013,1,Raifort
1014,1,Ail
1015,0,Poireau
1016,1,Chou
1017,0,Navet
1018,1,Carotte
1019,0,Salsifis
1020,0,Panais
1021,1,Topinambour
1022,0,Navet
1023,1,Chou
1024,1,Oignon
1025,1,Panais
1026,1,Artichaut
1027,0,Carotte
1028,0,Navet
1029,0,Poireau
1030,0,Betterave
1031,1,Ail
1032,1,Betterave
1033,0,Oignon
1034,0,Chou
1035,1,Topinambour
1036,1,Artichaut
1037,0,Carotte
1038,0,Poireau
1039,1,Topinambour
1040,1,Chou
1041,1,Oignon
1042,0,Betterave
1043,1,Navet
1044,0,Raifort
1045,1,Chou
1046,0,Carotte
1047,0,Artichaut
1048,0,Navet
1049,1,Navet
1050,1,Betterave
1051,0,Ail
1052,0,Artichaut
1053,1,Ail
1054,0,Artichaut
1055,0,Panais
1056,0,Chou
1057,1,Carotte
1058,1,Betterave
1059,0,Betterave
1060,0,Navet
1061,1,Salsifis
1062,0,Betterave
1063,0,Carotte
1064,1,Raifort
1065,0,Chou
1066,1,Topinambour
1067,1,Raifort
1068,0,Betterave
1069,0,Raifort
1070,0,Raifort
1071,1,Betterave
1072,1,Oignon
1073,0,Ail
1074,0,Chou
1075,0,Ail
1076,0,Carotte
1077,1,Topinambour
1078,1,Chou
1079,0,Navet
1080,0,Betterave
1081,0,Oignon
1082,0,Oignon
1083,1,Chou
1084,0,Raifort
1085,1,Salsifis
1086,1,Oignon
1087,0,Carotte
1088,0,Salsifis
1089,1,Salsifis
1090,1,Salsifis
1091,1,Betterave
1092,1,Salsifis
1093,0,Betterave
1094,0,Carotte
1095,1,Carotte
1096,1,Raifort
1097,0,Carotte
1098,1,Topinambour
1099,0,Chou
1100,0,Chou
1101,0,Betterave
1102,1,Chou
1103,0,Navet
1104,1,Raifort
1105,1,Betterave
1106,1,Chou
1107,0,Betterave
1108,1,Chou
1109,0,Navet
1110,0,Navet
1111,0,Carotte
1112,1,Salsifis
1113,0,Salsifis
1114,0,Navet
1115,1,Chou
1116,0,Navet
1117,0,Ail
1118,0,Ail
1119,0,Poireau
1120,0,Carotte
1121,1,Carotte
1122,1,Oignon
1123,0,Panais
1124,1,Salsifis
1125,0,Artichaut
1126,0,Topinambour
1127,0,Poireau
1128,0,Betterave
1129,0,Oignon
1130,0,Raifort
1131,1,Topinambour
1132,0,Carotte
1133,0,Navet
1134,0,Poireau
1135,0,Artichaut
1136,1,Carotte
1137,0,Navet
1138,1,Chou
1139,1,Ail
1140,1,Salsifis
1141,1,Poireau
1142,0,Betterave
1143,0,Panais
1144,0,Salsifis
1145,0,Betterave
1146,0,Carotte
1147,1,Navet
1148,1,Poireau
1149,1,Navet
1150,0,Ail
1151,0,Salsifis
1152,1,Chou
1153,1,Topinambour
1154,0,Salsifis
1155,0,Chou
1156,1,Artichaut
1157,1,Raifort
1158,0,Ail
1159,0,Ail
1160,0,Artichaut
1161,0,Panais
1162,1,Topinambour
1163,1,Carotte
1164,0,Ail
1165,1,Poireau
1166,0,Salsifis
1167,1,Salsifis
1168,0,Navet
1169,0,Ail
1170,1,Panais
1171,1,Salsifis
1172,1,Raifort
1173,0,Ail
1174,1,Chou
1175,0,Chou
1176,0,Topinambour
1177,0,Artichaut
1178,0,Artichaut
1179,1,Navet
1180,1,Oignon
1181,1,Raifort
1182,0,Chou
1183,1,Chou
1184,0,Oignon
1185,0,Raifort
1186,1,Chou
1187,0,Topinambour
1188,0,Navet
1189,1,Topinambour
1190,0,Poireau
1191,1,Carotte
1192,1,Artichaut
1193,1,Salsifis
1194,1,Ail
1195,1,Raifort
1196,0,Navet
1197,1,Salsifis
1198,0,Chou
1199,0,Salsifis
1200,1,Artichaut
1201,1,Poireau
1202,0,Raifort
1203,0,Salsifis
1204,1,Chou
1205,0,Betterave
1206,0,Panais
1207,0,Salsifis
1208,1,Carotte
1209,1,Poireau
1210,1,Artichaut
1211,0,Ail
1212,1,Poireau
1213,0,Topinambour
1214,1,Artichaut
1215,1,Raifort
1216,1,Chou
1217,1,Carotte
1218,0,Topinambour
1219,1,Salsifis
1220,1,Betterave
1221,0,Chou
1222,0,Chou
1223,1,Ail
1224,1,Panais
1225,1,Oignon
1226,1,Navet
1227,1,Poireau
1228,1,Ail
1229,0,Salsifis
1230,1,Chou
1231,0,Panais
1232,0,Salsifis
1233,1,Poireau
1234,1,Ail
1235,0,Artichaut
1236,0,Salsifis
1237,1,Chou
1238,0,Oignon
1239,0,Navet
1240,1,Topinambour
1241,0,Salsifis
1242,0,Carotte
1243,1,Ail
1244,0,Artichaut
1245,1,Oignon
1246,1,Topinambour
1247,0,Navet
1248,0,Raifort
1249,0,Panais
1250,0,Raifort
1251,1,Betterave
1252,0,Topinambour
1253,0,Ail
1254,0,Panais
1255,1,Oignon
1256,1,Topinambour
1257,0,Navet
1258,0,Chou
1259,1,Oignon
1260,0,Salsifis
1261,1,Navet
1262,1,Ail
1263,0,Carotte
1264,1,Chou
1265,1,Poireau
1266,0,Artichaut
1267,0,Navet
1268,0,Salsifis
1269,0,Panais
1270,1,Oignon
1271,1,Salsifis
1272,1,Topinambour
1273,1,Artichaut
1274,1,Chou
1275,1,Artichaut
1276,1,Salsifis
1277,1,Navet
1278,0,Raifort
1279,1,Topinambour
1280,1,Navet
1281,1,Chou
1282,1,Carotte
1283,0,Betterave
1284,1,Ail
1285,1,Poireau
1286,1,Oignon
1287,1,Raifort
1288,0,Navet
1289,1,Carotte
1290,1,Chou
1291,0,Raifort
1292,0,Raifort
1293,1,Artichaut
1294,1,Poireau
1295,1,Panais
1296,1,Poireau
1297,0,Raifort
1298,1,Betterave
1299,0,Topinambour
1300,1,Oignon
1301,1,Poireau
1302,0,Artichaut
1303,0,Panais
1304,1,Panais
1305,1,Panais
1306,1,Betterave
1307,0,Artichaut
1308,1,Artichaut
1309,0,Navet
1310,0,Oignon
1311,0,Navet
1312,1,Carotte
1313,1,Ail
1314,0,Salsifis
1315,0,Carotte
1316,1,Oignon
1317,0,Salsifis
1318,0,Navet
1319,1,Oignon
1320,1,Topinambour
1321,1,Betterave
1322,1,Carotte
1323,1,Poireau
1324,0,Salsifis
1325,1,Salsifis
1326,0,Chou
1327,1,Betterave
1328,1,Chou
1329,0,Navet
1330,0,Raifort
1331,0,Carotte
1332,1,Topinambour
1333,1,Salsifis
1334,0,Navet
1335,1,Carotte
1336,1,Betterave
1337,1,Poireau
1338,1,Panais
1339,0,Poireau
1340,0,Chou
1341,1,Topinambour
1342,0,Betterave
1343,1,Panais
1344,0,Chou
1345,0,Poireau
1346,1,Panais
1347,1,Poireau
1348,1,Chou
1349,1,Chou
1350,0,Artichaut
1351,1,Salsifis
1352,0,Ail
1353,1,Navet
1354,0,Carotte
1355,1,Navet
1356,0,Raifort
1357,0,Raifort
1358,0,Artichaut
1359,0,Salsifis
1360,1,Raifort
1361,1,Raifort
1362,1,Navet
1363,0,Ail
1364,1,Poireau
1365,0,Panais
1366,0,Carotte
1367,0,Ail
1368,0,Chou
1369,0,Poireau
1370,1,Navet
1371,0,Artichaut
1372,0,Poireau
1373,0,Raifort
1374,0,Chou
1375,0,Carotte
1376,1,Topinambour
1377,0,Raifort
1378,1,Ail
1379,1,Chou
1380,0,Poireau
1381,1,Artichaut
1382,1,Artichaut
1383,0,Carotte
1384,1,Poireau
1385,1,Oignon
1386,1,Chou
1387,0,Panais
1388,1,Salsifis
1389,0,Raifort
1390,1,Panais
1391,0,Panais
1392,1,Carotte
1393,0,Topinambour
1394,1,Betterave
1395,1,Carotte
1396,0,Poireau
1397,1,Carotte
1398,0,Betterave
1399,0,Artichaut
1400,1,Raifort
1401,0,Navet
1402,0,Artichaut
1403,1,Poireau
1404,0,Betterave
1405,1,Panais
1406,1,Poireau
1407,1,Artichaut
1408,0,Poireau
1409,0,Carotte
1410,0,Chou
1411,0,Oignon
1412,0,Chou
1413,1,Panais
1414,1,Carotte
1415,0,Salsifis
1416,0,Poireau
1417,1,Chou
1418,1,Topinambour
1419,0,Topinambour
1420,1,Ail
1421,0,Oignon
1422,0,Poireau
1423,0,Oignon
1424,0,Panais
1425,0,Raifort
1426,1,Carotte
1427,1,Topinambour
1428,1,Chou
1429,0,Carotte
1430,0,Betterave
1431,0,Betterave
1432,1,Salsifis
1433,1,Betterave
1434,1,Poireau
1435,1,Artichaut
1436,1,Artichaut
1437,0,Navet
1438,0,Salsifis
1439,0,Carotte
1440,0,Betterave
1441,0,Salsifis
1442,0,Poireau
1443,0,Poireau
1444,0,Chou
1445,1,Chou
1446,0,Betterave
1447,0,Navet
1448,0,Ail
1449,0,Artichaut
1450,1,Poireau
1451,0,Salsifis
1452,0,Oignon
1453,1,Chou
1454,0,Raifort
1455,1,Topinambour
1456,1,Topinambour
1457,0,Panais
1458,1,Salsifis
1459,1,Artichaut
1460,0,Panais
1461,0,Artichaut
1462,1,Navet
1463,0,Betterave
1464,0,Betterave
1465,1,Artichaut
1466,0,Carotte
1467,1,Poireau
1468,0,Poireau
1469,0,Poireau
1470,1,Chou
1471,0,Raifort
1472,1,Raifort
1473,0,Salsifis
1474,1,Topinambour
1475,1,Artichaut
1476,1,Ail
1477,1,Chou
1478,1,Chou
1479,0,Artichaut
1480,0,Artichaut
1481,1,Topinambour
1482,0,Poireau
1483,1,Ail
1484,0,Navet
1485,1,Topinambour
1486,1,Betterave
1487,1,Panais
1488,1,Chou
1489,0,Salsifis
1490,0,Artichaut
1491,0,Carotte
1492,0,Betterave
1493,1,Salsifis
1494,0,Chou
1495,1,Chou
1496,0,Artichaut
1497,1,Chou
1498,0,Salsifis
1499,0,Topinambour
1500,0,Chou
1501,1,Artichaut
1502,0,Poireau
1503,1,Betterave
1504,1,Poireau
1505,1,Salsifis
1506,1,Salsifis
1507,0,Betterave
1508,1,Topinambour
1509,0,Raifort
1510,1,Navet
1511,1,Artichaut
1512,1,Poireau
1513,0,Betterave
1514,1,Salsifis
1515,1,Panais
1516,0,Navet
1517,1,Carotte
1518,0,Topinambour
1519,0,Salsifis
1520,0,Raifort
1521,0,Salsifis
1522,0,Ail
1523,0,Artichaut
1524,0,Panais
1525,1,Carotte
1526,1,Ail
1527,0,Topinambour
1528,0,Betterave
1529,1,Topinambour
1530,0,Panais
1531,0,Poireau
1532,0,Poireau
1533,1,Carotte
1534,1,Salsifis
1535,0,Raifort
1536,1,Poireau
1537,0,Salsifis
1538,1,Chou
1539,1,Raifort
1540,1,Artichaut
1541,0,Carotte
1542,1,Poireau
1543,0,Topinambour
1544,1,Ail
1545,1,Chou
1546,1,Navet
1547,1,Topinambour
1548,1,Panais
1549,0,Poireau
1550,1,Raifort
1551,1,Panais
1552,0,Salsifis
1553,1,Poireau
1554,0,Carotte
1555,1,Raifort
1556,1,Artichaut
1557,1,Betterave
1558,1,Carotte
1559,1,Chou
1560,0,Raifort
1561,0,Chou
1562,0,Panais
1563,0,Topinambour
1564,0,Carotte
1565,1,Navet
1566,0,Panais
1567,0,Poireau
1568,0,Oignon
1569,0,Artichaut
1570,0,Ail
1571,0,Poireau
1572,0,Navet
1573,1,Poireau
1574,0,Betterave
1575,1,Salsifis
1576,1,Carotte
1577,1,Raifort
1578,1,Poireau
1579,1,Carotte
1580,0,Artichaut
1581,0,Ail
1582,1,Poireau
1583,1,Topinambour
1584,1,Chou
1585,1,Artichaut
1586,1,Topinambour
1587,0,Betterave
1588,0,Panais
1589,1,Betterave
1590,1,Artichaut
1591,1,Artichaut
1592,1,Panais
1593,0,Poireau
1594,1,Poireau
1595,0,Ail
1596,1,Artichaut
1597,0,Raifort
1598,0,Raifort
1599,0,Salsifis
1600,1,Topinambour
1601,0,Carotte
1602,0,Ail
1603,1,Poireau
1604,0,Navet
1605,1,Poireau
1606,1,Chou
1607,0,Ail
1608,1,Poireau
1609,0,Poireau
1610,1,Poireau
1611,0,Artichaut
1612,1,Topinambour
1613,0,Chou
1614,0,Chou
1615,1,Salsifis
1616,1,Ail
1617,1,Navet
1618,1,Poireau
1619,1,Poireau
1620,1,Carotte
1621,1,Betterave
1622,1,Navet
1623,1,Artichaut
1624,1,Raifort
1625,1,Carotte
1626,0,Chou
1627,1,Navet
1628,1,Chou
1629,0,Poireau
1630,1,Raifort
1631,1,Raifort
1632,0,Topinambour
1633,0,Artichaut
1634,0,Salsifis
1635,1,Carotte
1636,1,Raifort
1637,1,Poireau
1638,0,Chou
1639,0,Navet
1640,1,Oignon
1641,1,Oignon
1642,0,Poireau
1643,0,Panais
1644,1,Raifort
1645,1,Navet
1646,1,Ail
1647,1,Carotte
1648,1,Raifort
1649,0,Oignon
1650,1,Navet
1651,0,Chou
1652,0,Poireau
1653,0,Salsifis
1654,0,Navet
1655,1,Raifort
1656,1,Ail
1657,0,Poireau
1658,0,Salsifis
1659,0,Betterave
1660,1,Ail
1661,0,Oignon
1662,0,Artichaut
1663,1,Panais
1664,0,Carotte
1665,1,Topinambour
1666,0,Ail
1667,0,Betterave
1668,1,Salsifis
1669,1,Panais
1670,1,Topinambour
1671,1,Chou
1672,1,Betterave
1673,0,Oignon
1674,1,Carotte
1675,1,Carotte
1676,0,Raifort
1677,1,Betterave
1678,0,Ail
1679,0,Carotte
1680,0,Betterave
1681,1,Poireau
1682,0,Chou
1683,0,Ail
1684,0,Carotte
1685,1,Betterave
1686,1,Oignon
1687,1,Topinambour
1688,0,Carotte
1689,1,Salsifis
1690,1,Poireau
1691,1,Panais
1692,0,Ail
1693,1,Panais
1694,0,Topinambour
1695,1,Topinambour
1696,0,Oignon
1697,0,Raifort
1698,1,Ail
1699,0,Betterave
1700,0,Oignon
1701,1,Salsifis
1702,0,Betterave
1703,0,Carotte
1704,1,Salsifis
1705,0,Chou
1706,1,Topinambour
1707,0,Topinambour
1708,0,Navet
1709,1,Chou
1710,0,Oignon
1711,1,Salsifis
1712,0,Oignon
1713,1,Topinambour
1714,0,Artichaut
1715,1,Betterave
1716,1,Salsifis
1717,0,Artichaut
1718,1,Navet
1719,0,Artichaut
1720,1,Oignon
1721,0,Salsifis
1722,0,Raifort
1723,1,Chou
1724,1,Salsifis
1725,0,Oignon
1726,1,Carotte
1727,0,Topinambour
1728,0,Poireau
1729,0,Panais
1730,0,Topinambour
1731,0,Carotte
1732,1,Betterave
1733,0,Topinambour
1734,1,Topinambour
1735,1,Chou
1736,1,Salsifis
1737,0,Topinambour
1738,0,Ail
1739,0,Artichaut
1740,0,Carotte
1741,1,Panais
1742,1,Poireau
1743,0,Panais
1744,0,Raifort
1745,1,Ail
1746,1,Raifort
1747,1,Oignon
1748,0,Chou
1749,1,Oignon
1750,0,Carotte
1751,0,Raifort
1752,0,Artichaut
1753,1,Raifort
1754,0,Topinambour
1755,1,Raifort
1756,1,Navet
1757,1,Chou
1758,1,Carotte
1759,1,Raifort
1760,1,Betterave
1761,0,Poireau
1762,1,Oignon
1763,0,Navet
1764,0,Raifort
1765,0,Panais
1766,1,Salsifis
1767,0,Carotte
1768,0,Carotte
1769,1,Ail
1770,0,Oignon
1771,0,Ail
1772,0,Carotte
1773,1,Oignon
1774,1,Ail
1775,0,Betterave
1776,1,Salsifis
1777,0,Oignon
1778,1,Artichaut
1779,1,Navet
1780,0,Artichaut
1781,1,Oignon
1782,0,Raifort
1783,1,Salsifis
1784,1,Chou
1785,1,Topinambour
1786,1,Betterave
1787,1,Betterave
1788,1,Poireau
1789,0,Raifort
1790,1,Artichaut
1791,0,Oignon
1792,1,Carotte
1793,0,Artichaut
1794,0,Betterave
1795,1,Navet
1796,1,Navet
1797,1,Oignon
1798,0,Carotte
1799,0,Betterave
1800,0,Panais
1801,1,Salsifis
1802,1,Carotte
1803,0,Navet
1804,0,Chou
1805,0,Navet
1806,0,Ail
1807,1,Chou
1808,0,Oignon
1809,0,Carotte
1810,0,Carotte
1811,1,Artichaut
1812,0,Oignon
1813,1,Navet
1814,1,Carotte
1815,1,Panais
1816,1,Topinambour
1817,1,Betterave
1818,0,Ail
1819,0,Salsifis
1820,0,Ail
1821,1,Chou
1822,0,Panais
1823,1,Panais
1824,0,Oignon
1825,0,Betterave
1826,1,Oignon
1827,1,Chou
1828,1,Raifort
1829,1,Navet
1830,1,Chou
1831,0,Carotte
1832,0,Poireau
1833,1,Betterave
1834,0,Salsifis
1835,0,Betterave
1836,1,Carotte
1837,0,Betterave
1838,1,Navet
1839,0,Chou
1840,1,Panais
1841,1,Navet
1842,1,Betterave
1843,1,Carotte
1844,1,Topinambour
1845,0,Carotte
1846,0,Artichaut
1847,0,Navet
1848,0,Chou
1849,1,Artichaut
1850,1,Artichaut
1851,0,Poireau
1852,1,Chou
1853,1,Oignon
1854,0,Raifort
1855,1,Chou
1856,0,Chou
1857,0,Raifort
1858,0,Ail
1859,1,Raifort
1860,0,Oignon
1861,1,Poireau
1862,1,Poireau
1863,0,Chou
1864,1,Salsifis
1865,1,Oignon
1866,0,Chou
1867,1,Navet
1868,1,Navet
1869,0,Navet
1870,1,Betterave
1871,1,Artichaut
1872,1,Betterave
1873,0,Artichaut
1874,0,Navet
1875,1,Betterave
1876,1,Salsifis
1877,1,Topinambour
1878,1,Betterave
1879,0,Raifort
1880,1,Artichaut
1881,1,Panais
1882,0,Panais
1883,1,Navet
1884,1,Topinambour
1885,1,Poireau
1886,1,Ail
1887,1,Carotte
1888,0,Chou
1889,0,Poireau
1890,1,Oignon
1891,0,Raifort
1892,0,Poireau
1893,0,Artichaut
1894,1,Ail
1895,1,Ail
1896,0,Poireau
1897,1,Salsifis
1898,0,Navet
1899,0,Salsifis
1900,1,Chou
1901,1,Salsifis
1902,0,Artichaut
1903,1,Raifort
1904,1,Artichaut
1905,0,Salsifis
1906,0,Chou
1907,0,Panais
1908,0,Artichaut
1909,0,Ail
1910,0,Panais
1911,1,Panais
1912,0,Navet
1913,0,Chou
1914,0,Ail
1915,1,Topinambour
1916,1,Ail
1917,1,Panais
1918,1,Salsifis
1919,0,Carotte
1920,0,Ail
1921,1,Artichaut
1922,1,Salsifis
1923,0,Chou
1924,0,Chou
1925,1,Betterave
1926,1,Chou
1927,0,Panais
1928,0,Raifort
1929,1,Raifort
1930,1,Artichaut
1931,1,Artichaut
1932,0,Panais
1933,0,Artichaut
1934,1,Chou
1935,0,Betterave
1936,1,Ail
1937,0,Ail
1938,1,Navet
1939,1,Topinambour
1940,0,Raifort
1941,0,Ail
1942,0,Panais
1943,1,Panais
1944,0,Oignon
1945,1,Panais
1946,0,Poireau
1947,1,Carotte
1948,1,Betterave
1949,1,Betterave
1950,0,Carotte
1951,0,Artichaut
1952,0,Carotte
1953,0,Ail
1954,1,Salsifis
1955,1,Raifort
1956,1,Chou
1957,0,Panais
1958,0,Ail
1959,0,Topinambour
1960,0,Navet
1961,1,Chou
1962,1,Raifort
1963,1,Raifort
1964,0,Panais
1965,0,Panais
1966,1,Navet
1967,1,Salsifis
1968,0,Artichaut
1969,1,Raifort
1970,1,Carotte
1971,1,Raifort
1972,1,Poireau
1973,0,Betterave
1974,1,Salsifis
1975,0,Raifort
1976,1,Chou
1977,0,Navet
1978,0,Oignon
1979,1,Topinambour
1980,0,Chou
1981,0,Chou
1982,1,Poireau
1983,0,Salsifis
1984,1,Raifort
1985,1,Betterave
1986,0,Oignon
1987,0,Betterave
1988,1,Betterave
1989,1,Poireau
1990,1,Carotte
1991,0,Topinambour
1992,1,Salsifis
1993,1,Carotte
1994,0,Betterave
1995,0,Salsifis
1996,0,Poireau
1997,1,Navet
1998,1,Artichaut
1999,1,Carotte
2000,1,Betterave
2001,0,Navet
2002,1,Poireau
2003,0,Salsifis
2004,1,Navet
2005,1,Navet
2006,1,Betterave
2007,1,Oignon
2008,1,Artichaut
2009,0,Oignon
2010,1,Oignon
2011,1,Navet
2012,0,Salsifis
2013,1,Raifort
2014,0,Artichaut
2015,0,Ail
2016,1,Poireau
2017,0,Salsifis
2018,0,Topinambour
2019,1,Carotte
2020,0,Chou
2021,0,Topinambour
2022,1,Artichaut
2023,0,Ail
2024,1,Topinambour
2025,1,Oignon
2026,0,Panais
2027,1,Ail
2028,1,Panais
2029,0,Artichaut
2030,1,Chou
2031,0,Topinambour
2032,0,Topinambour
2033,1,Oignon
2034,1,Chou
2035,1,Ail
2036,0,Raifort
2037,1,Ail
2038,1,Poireau
2039,0,Poireau
2040,0,Salsifis
2041,0,Artichaut
2042,1,Salsifis
2043,0,Chou
2044,1,Carotte
2045,0,Raifort
2046,1,Artichaut
2047,0,Raifort
2048,0,Carotte
2049,1,Salsifis
2050,0,Oignon
2051,0,Artichaut
2052,1,Artichaut
2053,1,Carotte
2054,0,Carotte
2055,0,Salsifis
2056,0,Navet
2057,1,Topinambour
2058,0,Betterave
2059,1,Navet
2060,0,Oignon
2061,0,Navet
2062,0,Chou
2063,0,Oignon
2064,1,Topinambour
2065,0,Navet
2066,0,Ail
2067,1,Oignon
2068,1,Artichaut
2069,0,Navet
2070,0,Chou
2071,0,Salsifis
2072,0,Artichaut
2073,1,Oignon
2074,0,Ail
2075,0,Betterave
2076,0,Salsifis
2077,1,Oignon
2078,0,Salsifis
2079,0,Chou
2080,1,Carotte
2081,0,Navet
2082,1,Carotte
2083,1,Chou
2084,1,Ail
2085,1,Raifort
2086,1,Panais
2087,1,Carotte
2088,0,Chou
2089,1,Artichaut
2090,0,Ail
2091,0,Oignon
2092,1,Navet
2093,0,Artichaut
2094,0,Panais
2095,1,Betterave
2096,1,Panais
2097,0,Poireau
2098,0,Salsifis
2099,1,Salsifis
2100,0,Chou
2101,1,Chou
2102,0,Raifort
2103,1,Panais
2104,0,Chou
2105,1,Oignon
2106,1,Ail
2107,0,Ail
2108,1,Betterave
2109,1,Raifort
2110,0,Poireau
2111,1,Oignon
2112,1,Chou
2113,0,Poireau
2114,1,Oignon
2115,0,Artichaut
2116,0,Panais
2117,1,Salsifis
2118,0,Poireau
2119,1,Salsifis
2120,1,Salsifis
2121,1,Chou
2122,1,Navet
2123,1,Salsifis
2124,0,Topinambour
2125,0,Chou
2126,0,Artichaut
2127,0,Chou
2128,1,Carotte
2129,0,Chou
2130,1,Artichaut
2131,0,Salsifis
2132,0,Ail
2133,1,Betterave
2134,1,Poireau
2135,0,Carotte
2136,0,Artichaut
2137,1,Navet
2138,1,Navet
2139,1,Salsifis
2140,1,Carotte
2141,1,Chou
2142,1,Ail
2143,1,Topinambour
2144,0,Artichaut
2145,1,Navet
2146,0,Betterave
2147,0,Carotte
2148,0,Navet
2149,1,Artichaut
2150,0,Chou
2151,1,Panais
2152,1,Navet
2153,0,Panais
2154,0,Artichaut
2155,1,Ail
2156,1,Panais
2157,1,Ail
2158,0,Poireau
2159,1,Oignon
2160,1,Oignon
2161,1,Panais
2162,1,Poireau
2163,1,Topinambour
2164,1,Betterave
2165,1,Salsifis
2166,0,Carotte
2167,1,Panais
2168,0,Betterave
2169,1,Navet
2170,1,Oignon
2171,1,Raifort
2172,0,Chou
2173,1,Artichaut
2174,0,Navet
2175,0,Panais
2176,0,Panais
2177,1,Carotte
2178,1,Oignon
2179,1,Artichaut
2180,0,Oignon
2181,1,Topinambour
2182,0,Topinambour
2183,0,Ail
2184,0,Poireau
2185,0,Navet
2186,1,Oignon
2187,1,Raifort
2188,0,Ail
2189,1,Salsifis
2190,0,Salsifis
2191,0,Navet
2192,1,Betterave
2193,0,Salsifis
2194,0,Raifort
2195,0,Artichaut
2196,0,Ail
2197,1,Panais
2198,0,Topinambour
2199,1,Topinambour
2200,1,Artichaut
2201,0,Oignon
2202,1,Navet
2203,1,Salsifis
2204,0,Artichaut
2205,0,Panais
2206,0,Poireau
2207,0,Carotte
2208,0,Ail
2209,1,Salsifis
2210,0,Raifort
2211,1,Betterave
2212,1,Poireau
2213,0,Raifort
2214,0,Panais
2215,1,Panais
2216,0,Topinambour
2217,0,Topinambour
2218,0,Poireau
2219,1,Topinambour
2220,1,Artichaut
2221,1,Salsifis
2222,0,Oignon
2223,1,Raifort
2224,0,Ail
2225,1,Oignon
2226,0,Topinambour
2227,1,Raifort
2228,0,Raifort
2229,0,Panais
2230,1,Artichaut
2231,1,Chou
2232,1,Topinambour
2233,1,Navet
2234,0,Betterave
2235,0,Chou
2236,1,Betterave
2237,0,Ail
2238,1,Topinambour
2239,0,Oignon
2240,1,Topinambour
2241,0,Artichaut
2242,0,Carotte
2243,0,Topinambour
2244,1,Betterave
2245,1,Chou
2246,0,Betterave
2247,0,Panais
2248,0,Carotte
2249,0,Poireau
2250,1,Artichaut
2251,0,Topinambour
2252,1,Artichaut
2253,1,Navet
2254,1,Raifort
2255,1,Carotte
2256,0,Artichaut
2257,1,Carotte
2258,1,Oignon
2259,1,Poireau
2260,0,Navet
2261,0,Raifort
2262,1,Ail
2263,0,Betterave
2264,0,Raifort
2265,1,Carotte
2266,0,Artichaut
2267,1,Carotte
2268,0,Poireau
2269,0,Betterave
2270,1,Artichaut
2271,1,Betterave
2272,1,Chou
2273,0,Chou
2274,0,Oignon
2275,0,Panais
2276,0,Topinambour
2277,0,Topinambour
2278,1,Carotte
2279,1,Topinambour
2280,0,Salsifis
2281,1,Ail
2282,1,Navet
2283,1,Chou
2284,1,Artichaut
2285,1,Ail
2286,1,Raifort
2287,1,Betterave
2288,0,Poireau
2289,0,Chou
2290,1,Salsifis
2291,1,Oignon
2292,1,Ail
2293,0,Topinambour
2294,1,Panais
2295,1,Salsifis
2296,1,Betterave
2297,1,Artichaut
2298,1,Chou
2299,0,Poireau
2300,0,Navet
2301,0,Artichaut
2302,1,Navet
2303,1,Ail
2304,1,Oignon
2305,1,Panais
2306,1,Betterave
2307,0,Navet
2308,0,Raifort
2309,0,Navet
2310,0,Navet
2311,1,Topinambour
2312,0,Chou
2313,0,Salsifis
2314,1,Panais
2315,1,Betterave
2316,1,Panais
2317,1,Raifort
2318,1,Poireau
2319,1,Topinambour
2320,1,Carotte
2321,0,Carotte
2322,1,Salsifis
2323,1,Artichaut
2324,1,Topinambour
2325,0,Poireau
2326,0,Oignon
2327,0,Oignon
2328,1,Poireau
2329,0,Navet
2330,1,Betterave
2331,0,Topinambour
2332,0,Navet
2333,0,Navet
2334,0,Navet
2335,1,Carotte
2336,0,Oignon
2337,1,Carotte
2338,1,Navet
2339,1,Navet
2340,0,Panais
2341,1,Ail
2342,0,Oignon
2343,0,Artichaut
2344,1,Oignon
2345,1,Panais
2346,1,Raifort
2347,0,Panais
2348,1,Topinambour
2349,1,Poireau
2350,1,Artichaut
2351,1,Artichaut
2352,1,Betterave
2353,1,Navet
2354,1,Betterave
2355,0,Raifort
2356,1,Carotte
2357,0,Betterave
2358,0,Salsifis
2359,1,Betterave
2360,0,Ail
2361,0,Panais
2362,0,Betterave
2363,0,Panais
2364,0,Salsifis
2365,0,Ail
2366,1,Oignon
2367,1,Betterave
2368,0,Raifort
2369,0,Salsifis
2370,1,Betterave
2371,0,Navet
2372,1,Ail
2373,0,Oignon
2374,1,Topinambour
2375,1,Raifort
2376,1,Panais
2377,1,Artichaut
2378,1,Carotte
2379,1,Raifort
2380,1,Oignon
2381,0,Panais
2382,0,Salsifis
2383,1,Navet
2384,0,Oignon
2385,1,Artichaut
2386,0,Raifort
2387,1,Raifort
2388,1,Topinambour
2389,1,Salsifis
2390,1,Carotte
2391,1,Betterave
2392,0,Betterave
2393,0,Poireau
2394,0,Artichaut
2395,0,Poireau
2396,0,Carotte
2397,0,Raifort
2398,1,Artichaut
2399,0,Navet
2400,0,Chou
2401,1,Salsifis
2402,0,Carotte
2403,0,Carotte
2404,0,Oignon
2405,1,Artichaut
2406,1,Panais
2407,1,Chou
2408,1,Panais
2409,0,Poireau
2410,1,Panais
2411,0,Topinambour
2412,1,Panais
2413,0,Topinambour
2414,1,Chou
2415,0,Topinambour
2416,0,Oignon
2417,0,Chou
2418,0,Raifort
2419,1,Carotte
2420,1,Salsifis
2421,0,Ail
2422,0,Topinambour
2423,1,Raifort
2424,0,Navet
2425,1,Panais
2426,0,Poireau
2427,0,Chou
2428,0,Salsifis
2429,1,Carotte
2430,0,Poireau
2431,0,Artichaut
2432,0,Poireau
2433,0,Topinambour
2434,1,Navet
2435,0,Salsifis
2436,1,Oignon
2437,0,Raifort
2438,1,Navet
2439,1,Topinambour
2440,1,Poireau
2441,0,Raifort
2442,0,Carotte
2443,1,Poireau
2444,0,Artichaut
2445,0,Ail
2446,0,Salsifis
2447,1,Chou
2448,1,Betterave
2449,0,Topinambour
2450,1,Artichaut
2451,1,Oignon
2452,0,Chou
2453,0,Carotte
2454,0,Topinambour
2455,1,Salsifis
2456,0,Navet
2457,0,Navet
2458,1,Oignon
2459,1,Salsifis
2460,0,Artichaut
2461,0,Betterave
2462,1,Poireau
2463,0,Carotte
2464,0,Panais
2465,1,Panais
2466,0,Salsifis
2467,1,Oignon
2468,0,Poireau
2469,1,Panais
2470,0,Betterave
2471,1,Oignon
2472,1,Panais
2473,0,Betterave
2474,0,Carotte
2475,0,Carotte
2476,0,Topinambour
2477,0,Raifort
2478,0,Carotte
2479,0,Panais
2480,0,Poireau
2481,0,Salsifis
2482,0,Carotte
2483,1,Navet
2484,1,Betterave
2485,0,Panais
2486,0,Navet
2487,0,Poireau
2488,1,Raifort
2489,1,Chou
2490,1,Oignon
2491,0,Artichaut
2492,0,Raifort
2493,0,Ail
2494,1,Artichaut
2495,1,Chou
2496,1,Topinambour
2497,0,Ail
2498,1,Panais
2499,0,Carotte
2500,1,Panais
2501,0,Betterave
2502,1,Artichaut
2503,0,Topinambour
2504,0,Topinambour
2505,1,Topinambour
2506,0,Artichaut
2507,0,Raifort
2508,1,Panais
2509,1,Salsifis
2510,0,Navet
2511,1,Oignon
2512,1,Raifort
2513,0,Poireau
2514,1,Ail
2515,0,Salsifis
2516,0,Salsifis
2517,0,Raifort
2518,0,Carotte
2519,1,Navet
2520,1,Betterave
2521,0,Artichaut
2522,1,Oignon
2523,0,Carotte
2524,0,Salsifis
2525,0,Ail
2526,0,Carotte
2527,1,Betterave
2528,1,Carotte
2529,1,Panais
2530,1,Betterave
2531,1,Ail
2532,0,Oignon
2533,0,Betterave
2534,1,Chou
2535,1,Raifort
2536,1,Poireau
2537,0,Artichaut
2538,1,Carotte
2539,1,Raifort
2540,1,Salsifis
2541,1,Carotte
2542,0,Raifort
2543,0,Artichaut
2544,1,Salsifis
2545,1,Oignon
2546,0,Topinambour
2547,1,Betterave
2548,0,Panais
2549,1,Topinambour
2550,1,Ail
2551,0,Raifort
2552,1,Artichaut
2553,1,Artichaut
2554,0,Topinambour
2555,0,Betterave
2556,0,Navet
2557,0,Poireau
2558,1,Topinambour
2559,1,Salsifis
2560,0,Oignon
2561,0,Topinambour
2562,1,Raifort
2563,0,Ail
2564,1,Betterave
2565,0,Betterave
2566,1,Panais
2567,1,Ail
2568,0,Poireau
2569,0,Artichaut
2570,0,Panais
2571,1,Panais
2572,1,Salsifis
2573,1,Topinambour
2574,0,Topinambour
2575,0,Raifort
2576,0,Betterave
2577,0,Panais
2578,1,Carotte
2579,1,Carotte
2580,0,Carotte
2581,0,Topinambour
2582,1,Artichaut
2583,0,Oignon
2584,0,Salsifis
2585,1,Panais
2586,0,Navet
2587,1,Ail
2588,0,Ail
2589,1,Salsifis
2590,1,Oignon
2591,0,Navet
2592,1,Chou
2593,1,Salsifis
2594,1,Raifort
2595,1,Salsifis
2596,0,Salsifis
2597,1,Chou
2598,0,Navet
2599,0,Betterave
2600,0,Poireau
2601,0,Chou
2602,0,Artichaut
2603,0,Carotte
2604,1,Chou
2605,1,Topinambour
2606,1,Raifort
2607,1,Poireau
2608,0,Artichaut
2609,0,Salsifis
2610,1,Poireau
2611,0,Oignon
2612,1,Betterave
2613,0,Oignon
2614,1,Salsifis
2615,1,Ail
2616,1,Artichaut
2617,0,Betterave
2618,0,Ail
2619,0,Navet
2620,1,Poireau
2621,1,Oignon
2622,0,Artichaut
2623,0,Raifort
2624,0,Panais
2625,1,Carotte
2626,1,Panais
2627,1,Navet
2628,1,Raifort
2629,1,Artichaut
2630,0,Ail
2631,1,Oignon
2632,1,Chou
2633,1,Ail
2634,0,Carotte
2635,1,Ail
2636,1,Panais
2637,0,Oignon
2638,1,Artichaut
2639,0,Ail
2640,1,Oignon
2641,1,Poireau
2642,0,Panais
2643,1,Panais
2644,1,Chou
2645,0,Raifort
2646,1,Oignon
2647,0,Betterave
2648,1,Panais
2649,1,Ail
2650,1,Raifort
2651,0,Topinambour
2652,0,Topinambour
2653,0,Topinambour
2654,0,Artichaut
2655,1,Chou
2656,0,Betterave
2657,0,Carotte
2658,1,Raifort
2659,1,Poireau
2660,0,Oignon
2661,1,Panais
2662,1,Panais
2663,1,Navet
2664,1,Navet
2665,0,Panais
2666,1,Poireau
2667,0,Topinambour
2668,1,Raifort
2669,0,Chou
2670,0,Navet
2671,0,Ail
2672,0,Chou
2673,1,Poireau
2674,0,Oignon
2675,1,Betterave
2676,1,Topinambour
2677,0,Raifort
2678,1,Chou
2679,0,Ail
2680,1,Salsifis
2681,0,Betterave
2682,1,Betterave
2683,1,Chou
2684,1,Raifort
2685,1,Artichaut
2686,0,Ail
2687,1,Raifort
2688,0,Salsifis
2689,0,Topinambour
2690,1,Artichaut
2691,0,Chou
2692,1,Raifort
2693,0,Chou
2694,1,Panais
2695,1,Salsifis
2696,1,Chou
2697,1,Salsifis
2698,0,Panais
2699,1,Navet
2700,0,Carotte
2701,0,Poireau
2702,0,Navet
2703,1,Artichaut
2704,0,Oignon
2705,1,Raifort
2706,1,Poireau
2707,1,Navet
2708,1,Oignon
2709,0,Artichaut
2710,0,Salsifis
2711,1,Chou
2712,1,Poireau
2713,1,Artichaut
2714,0,Panais
2715,1,Oignon
2716,1,Poireau
2717,1,Raifort
2718,0,Topinambour
2719,0,Navet
2720,1,Chou
2721,0,Panais
2722,0,Topinambour
2723,1,Oignon
2724,0,Chou
2725,1,Topinambour
2726,1,Carotte
2727,1,Carotte
2728,1,Chou
2729,1,Panais
2730,0,Salsifis
2731,1,Betterave
2732,1,Panais
2733,0,Raifort
2734,1,Oignon
2735,0,Carotte
2736,1,Ail
2737,1,Topinambour
2738,1,Salsifis
2739,1,Betterave
2740,1,Carotte
2741,0,Oignon
2742,1,Carotte
2743,0,Topinambour
2744,1,Chou
2745,0,Chou
2746,0,Raifort
2747,1,Artichaut
2748,1,Poireau
2749,1,Ail
2750,0,Poireau
2751,1,Salsifis
2752,1,Betterave
2753,0,Raifort
2754,0,Panais
2755,1,Poireau
2756,0,Oignon
2757,0,Raifort
2758,1,Betterave
2759,1,Ail
2760,1,Chou
2761,0,Carotte
2762,1,Navet
2763,0,Ail
2764,0,Navet
2765,0,Carotte
2766,0,Topinambour
2767,1,Topinambour
2768,1,Carotte
2769,1,Oignon
2770,1,Topinambour
2771,0,Salsifis
2772,1,Chou
2773,0,Artichaut
2774,0,Salsifis
2775,1,Oignon
2776,1,Salsifis
2777,0,Ail
2778,1,Artichaut
2779,0,Ail
2780,1,Poireau
2781,1,Panais
2782,0,Topinambour
2783,0,Salsifis
2784,0,Oignon
2785,1,Artichaut
2786,0,Poireau
2787,1,Raifort
2788,1,Betterave
2789,1,Carotte
2790,0,Artichaut
2791,0,Poireau
2792,0,Panais
2793,1,Salsifis
2794,1,Ail
2795,1,Salsifis
2796,1,Poireau
2797,0,Raifort
2798,0,Navet
2799,0,Carotte
2800,0,Raifort
2801,0,Raifort
2802,0,Betterave
2803,1,Betterave
2804,1,Topinambour
2805,0,Chou
2806,1,Carotte
2807,1,Ail
2808,1,Betterave
2809,1,Topinambour
2810,0,Ail
2811,1,Topinambour
2812,1,Chou
2813,0,Oignon
2814,0,Betterave
2815,1,Salsifis
2816,1,Poireau
2817,1,Topinambour
2818,0,Chou
2819,0,Panais
2820,0,Oignon
2821,1,Panais
2822,0,Chou
2823,1,Betterave
2824,1,Salsifis
2825,0,Carotte
2826,1,Poireau
2827,0,Panais
2828,0,Artichaut
2829,0,Salsifis
2830,0,Poireau
2831,0,Artichaut
2832,1,Panais
2833,0,Navet
2834,0,Panais
2835,1,Betterave
2836,1,Navet
2837,1,Panais
2838,0,Chou
2839,0,Poireau
2840,1,Ail
2841,0,Carotte
2842,1,Salsifis
2843,0,Salsifis
2844,0,Navet
2845,0,Salsifis
2846,1,Topinambour
2847,1,Topinambour
2848,1,Navet
2849,1,Artichaut
2850,1,Oignon
2851,1,Ail
2852,0,Raifort
2853,0,Artichaut
2854,0,Oignon
2855,0,Raifort
2856,1,Topinambour
2857,0,Salsifis
2858,0,Navet
2859,1,Poireau
2860,0,Navet
2861,1,Salsifis
2862,0,Panais
2863,0,Raifort
2864,0,Salsifis
2865,1,Artichaut
2866,0,Artichaut
2867,0,Raifort
2868,0,Topinambour
2869,0,Artichaut
2870,0,Chou
2871,0,Carotte
2872,1,Betterave
2873,0,Artichaut
2874,0,Carotte
2875,0,Oignon
2876,0,Ail
2877,1,Navet
2878,1,Oignon
2879,1,Topinambour
2880,0,Raifort
2881,1,Poireau
2882,1,Topinambour
2883,1,Chou
2884,0,Artichaut
2885,1,Poireau
2886,1,Oignon
2887,0,Artichaut
2888,0,Ail
2889,1,Topinambour
2890,1,Poireau
2891,0,Betterave
2892,0,Poireau
2893,1,Ail
2894,0,Betterave
2895,0,Navet
2896,1,Raifort
2897,0,Ail
2898,0,Poireau
2899,0,Carotte
2900,1,Salsifis
2901,1,Navet
2902,0,Chou
2903,1,Carotte
2904,0,Chou
2905,0,Panais
2906,1,Oignon
2907,0,Navet
2908,0,Raifort
2909,1,Carotte
2910,0,Topinambour
2911,1,Navet
2912,0,Betterave
2913,0,Poireau
2914,0,Panais
2915,1,Ail
2916,0,Panais
2917,0,Betterave
2918,0,Topinambour
2919,1,Topinambour
2920,0,Raifort
2921,1,Panais
2922,0,Carotte
2923,0,Betterave
2924,1,Poireau
2925,0,Chou
2926,0,Panais
2927,0,Artichaut
2928,0,Salsifis
2929,0,Chou
2930,1,Raifort
2931,0,Betterave
2932,1,Poireau
2933,1,Ail
2934,0,Chou
2935,0,Carotte
2936,1,Salsifis
2937,0,Betterave
2938,0,Panais
2939,0,Artichaut
2940,0,Raifort
2941,1,Poireau
2942,0,Raifort
2943,1,Salsifis
2944,0,Salsifis
2945,0,Raifort
2946,1,Raifort
2947,1,Panais
2948,0,Chou
2949,0,Raifort
2950,0,Topinambour
2951,0,Salsifis
2952,1,Raifort
2953,0,Panais
2954,0,Artichaut
2955,0,Betterave
2956,1,Artichaut
2957,1,Poireau
2958,0,Navet
2959,0,Oignon
2960,1,Artichaut
2961,0,Ail
2962,0,Ail
2963,1,Ail
2964,1,Oignon
2965,1,Topinambour
2966,0,Topinambour
2967,0,Betterave
2968,0,Carotte
2969,1,Raifort
2970,0,Panais
2971,1,Navet
2972,0,Topinambour
2973,0,Panais
2974,1,Navet
2975,0,Topinambour
2976,1,Raifort
2977,0,Oignon
2978,1,Artichaut
2979,1,Panais
2980,1,Panais
2981,1,Ail
2982,1,Navet
2983,1,Carotte
2984,1,Navet
2985,1,Raifort
2986,1,Chou
2987,1,Oignon
2988,1,Raifort
2989,0,Topinambour
2990,1,Carotte
2991,0,Panais
2992,1,Chou
2993,1,Poireau
2994,0,Navet
2995,1,Ail
2996,0,Salsifis
2997,0,Ail
2998,0,Betterave
2999,1,Topinambour
3000,1,Poireau
3001,0,Artichaut
3002,0,Betterave
3003,0,Artichaut
3004,0,Topinambour
3005,0,Salsifis
3006,0,Ail
3007,1,Oignon
3008,1,Navet
3009,0,Panais
3010,0,Oignon
3011,1,Ail
3012,0,Chou
3013,0,Ail
3014,1,Betterave
3015,1,Raifort
3016,1,Salsifis
3017,1,Poireau
3018,0,Navet
3019,0,Navet
3020,1,Salsifis
3021,1,Salsifis
3022,1,Betterave
3023,0,Betterave
3024,1,Artichaut
3025,1,Salsifis
3026,0,Oignon
3027,1,Salsifis
3028,1,Poireau
3029,0,Chou
3030,0,Oignon
3031,0,Oignon
3032,0,Oignon
3033,0,Oignon
3034,1,Carotte
3035,1,Ail
3036,0,Oignon
3037,1,Oignon
3038,0,Ail
3039,1,Navet
3040,1,Navet
3041,1,Navet
3042,0,Navet
3043,1,Raifort
3044,1,Chou
3045,1,Poireau
3046,1,Salsifis
3047,0,Raifort
3048,0,Raifort
3049,1,Artichaut
3050,0,Navet
3051,0,Artichaut
3052,0,Panais
3053,1,Artichaut
3054,1,Navet
3055,1,Topinambour
3056,1,Chou
3057,1,Topinambour
3058,1,Carotte
3059,1,Carotte
3060,1,Poireau
3061,0,Ail
3062,1,Ail
3063,1,Navet
3064,0,Artichaut
3065,0,Salsifis
3066,1,Betterave
3067,1,Salsifis
3068,1,Panais
3069,1,Betterave
3070,0,Oignon
3071,0,Panais
3072,0,Chou
3073,1,Salsifis
3074,1,Raifort
3075,1,Artichaut
3076,0,Betterave
3077,1,Chou
3078,1,Topinambour
3079,1,Salsifis
3080,1,Ail
3081,0,Carotte
3082,1,Artichaut
3083,0,Chou
3084,1,Raifort
3085,0,Artichaut
3086,1,Oignon
3087,0,Chou
3088,0,Poireau
3089,1,Panais
3090,1,Salsifis
3091,1,Topinambour
3092,1,Panais
3093,0,Salsifis
3094,1,Raifort
3095,1,Artichaut
3096,0,Carotte
3097,0,Salsifis
3098,1,Topinambour
3099,0,Poireau
3100,0,Betterave
3101,0,Salsifis
3102,0,Panais
3103,0,Carotte
3104,1,Panais
3105,0,Raifort
3106,1,Ail
3107,1,Poireau
3108,0,Poireau
3109,0,Chou
3110,1,Oignon
3111,0,Carotte
3112,0,Ail
3113,1,Raifort
3114,0,Poireau
3115,0,Artichaut
3116,1,Chou
3117,0,Oignon
3118,0,Carotte
3119,0,Topinambour
3120,1,Betterave
3121,0,Ail
3122,1,Carotte
3123,0,Oignon
3124,1,Poireau
3125,1,Topinambour
3126,0,Ail
3127,0,Carotte
3128,1,Panais
3129,0,Chou
3130,1,Salsifis
3131,0,Betterave
3132,0,Raifort
3133,0,Chou
3134,1,Ail
3135,1,Navet
3136,1,Salsifis
3137,0,Salsifis
3138,1,Raifort
3139,0,Salsifis
3140,0,Topinambour
3141,1,Topinambour
3142,0,Oignon
3143,1,Raifort
3144,1,Salsifis
3145,1,Raifort
3146,1,Artichaut
3147,1,Oignon
3148,0,Panais
3149,0,Ail
3150,1,Carotte
3151,1,Topinambour
3152,0,Salsifis
3153,1,Chou
3154,1,Carotte
3155,1,Oignon
3156,0,Betterave
3157,1,Carotte
3158,1,Artichaut
3159,1,Artichaut
3160,1,Salsifis
3161,0,Poireau
3162,1,Oignon
3163,0,Betterave
3164,1,Betterave
3165,1,Carotte
3166,1,Raifort
3167,0,Navet
3168,0,Navet
3169,0,Chou
3170,0,Raifort
3171,1,Carotte
3172,1,Navet
3173,1,Chou
3174,1,Betterave
3175,1,Navet
3176,1,Ail
3177,0,Ail
3178,0,Topinambour
3179,0,Poireau
3180,0,Ail
3181,0,Raifort
3182,0,Salsifis
3183,1,Topinambour
3184,1,Betterave
3185,1,Poireau
3186,1,Poireau
3187,0,Topinambour
3188,1,Navet
3189,1,Navet
3190,1,Topinambour
3191,1,Carotte
3192,0,Carotte
3193,0,Navet
3194,0,Betterave
3195,1,Ail
3196,0,Chou
3197,0,Betterave
3198,0,Navet
3199,1,Chou
3200,1,Panais
3201,0,Betterave
3202,0,Navet
3203,0,Carotte
3204,1,Raifort
3205,1,Ail
3206,1,Artichaut
3207,1,Carotte
3208,0,Carotte
3209,0,Oignon
3210,0,Artichaut
3211,0,Salsifis
3212,1,Raifort
3213,1,Carotte
3214,0,Artichaut
3215,0,Carotte
3216,1,Oignon
3217,1,Carotte
3218,0,Oignon
3219,0,Topinambour
3220,1,Raifort
3221,0,Ail
3222,1,Raifort
3223,1,Poireau
3224,1,Topinambour
3225,0,Navet
3226,0,Ail
3227,1,Betterave
3228,0,Salsifis
3229,1,Raifort
3230,0,Salsifis
3231,1,Salsifis
3232,1,Artichaut
3233,0,Artichaut
3234,1,Artichaut
3235,0,Carotte
3236,0,Chou
3237,1,Betterave
3238,0,Betterave
3239,0,Salsifis
3240,1,Poireau
3241,0,Ail
3242,0,Topinambour
3243,1,Poireau
3244,1,Poireau
3245,0,Raifort
3246,0,Salsifis
3247,1,Navet
3248,1,Ail
3249,1,Artichaut
3250,0,Oignon
3251,0,Poireau
3252,1,Salsifis
3253,0,Artichaut
3254,0,Salsifis
3255,1,Poireau
3256,1,Betterave
3257,1,Betterave
3258,1,Poireau
3259,0,Poireau
3260,1,Ail
3261,0,Poireau
3262,1,Raifort
3263,1,Poireau
3264,0,Poireau
3265,0,Topinambour
3266,1,Carotte
3267,1,Raifort
3268,0,Panais
3269,1,Artichaut
3270,0,Raifort
3271,1,Artichaut
3272,1,Chou
3273,0,Topinambour
3274,0,Carotte
3275,0,Chou
3276,0,Artichaut
3277,0,Ail
3278,0,Chou
3279,0,Oignon
3280,0,Poireau
3281,1,Topinambour
3282,0,Panais
3283,1,Betterave
3284,1,Navet
3285,1,Raifort
3286,0,Ail
3287,0,Oignon
3288,0,Oignon
3289,0,Salsifis
3290,1,Salsifis
3291,0,Betterave
3292,0,Ail
3293,1,Ail
3294,1,Panais
3295,0,Topinambour
3296,0,Raifort
3297,1,Navet
3298,1,Panais
3299,1,Salsifis
3300,0,Poireau
3301,1,Carotte
3302,1,Topinambour
3303,0,Salsifis
3304,0,Carotte
3305,0,Panais
3306,0,Raifort
3307,0,Panais
3308,0,Raifort
3309,0,Raifort
3310,0,Ail
3311,1,Oignon
3312,0,Raifort
3313,0,Navet
3314,0,Raifort
3315,1,Poireau
3316,1,Carotte
3317,1,Carotte
3318,0,Poireau
3319,1,Carotte
3320,0,Ail
3321,1,Ail
3322,0,Artichaut
3323,1,Poireau
3324,0,Salsifis
3325,0,Raifort
3326,1,Betterave
3327,0,Topinambour
3328,0,Oignon
3329,1,Betterave
3330,1,Artichaut
3331,1,Carotte
3332,0,Topinambour
3333,1,Ail
3334,0,Topinambour
3335,1,Betterave
3336,0,Ail
3337,1,Raifort
3338,1,Betterave
3339,0,Oignon
3340,0,Panais
3341,1,Raifort
3342,1,Navet
3343,1,Topinambour
3344,1,Artichaut
3345,0,Topinambour
3346,1,Raifort
3347,1,Carotte
3348,1,Panais
3349,1,Raifort
3350,0,Ail
3351,1,Carotte
3352,1,Navet
3353,1,Navet
3354,1,Salsifis
3355,0,Poireau
3356,0,Betterave
3357,1,Betterave
3358,1,Artichaut
3359,0,Carotte
3360,0,Panais
3361,1,Ail
3362,1,Poireau
3363,0,Artichaut
3364,1,Panais
3365,1,Raifort
3366,1,Navet
3367,1,Artichaut
3368,1,Betterave
3369,0,Artichaut
3370,1,Poireau
3371,1,Ail
3372,0,Ail
3373,1,Panais
3374,1,Carotte
3375,1,Navet
3376,0,Artichaut
3377,0,Topinambour
3378,1,Artichaut
3379,0,Navet
3380,0,Raifort
3381,0,Raifort
3382,1,Navet
3383,1,Carotte
3384,0,Chou
3385,1,Ail
3386,0,Carotte
3387,0,Betterave
3388,1,Panais
3389,0,Ail
3390,0,Carotte
3391,1,Navet
3392,0,Betterave
3393,1,Topinambour
3394,0,Chou
3395,1,Betterave
3396,1,Ail
3397,0,Artichaut
3398,1,Panais
3399,0,Raifort
3400,1,Oignon
3401,1,Carotte
3402,1,Oignon
3403,1,Artichaut
3404,1,Carotte
3405,1,Oignon
3406,1,Artichaut
3407,0,Panais
3408,0,Topinambour
3409,1,Panais
3410,1,Poireau
3411,0,Navet
3412,1,Chou
3413,1,Raifort
3414,1,Navet
3415,1,Chou
3416,1,Carotte
3417,0,Salsifis
3418,1,Carotte
3419,1,Oignon
3420,1,Panais
3421,1,Chou
3422,0,Poireau
3423,0,Chou
3424,1,Panais
3425,0,Chou
3426,0,Topinambour
3427,0,Oignon
3428,0,Salsifis
3429,0,Topinambour
3430,1,Topinambour
3431,0,Poireau
3432,1,Poireau
3433,1,Navet
3434,0,Betterave
3435,1,Oignon
3436,0,Oignon
3437,1,Chou
3438,1,Salsifis
3439,1,Panais
3440,1,Oignon
3441,0,Oignon
3442,0,Poireau
3443,0,Betterave
3444,0,Carotte
3445,0,Panais
3446,1,Salsifis
3447,0,Panais
3448,0,Chou
3449,0,Salsifis
3450,1,Raifort
3451,1,Panais
3452,1,Poireau
3453,1,Raifort
3454,0,Oignon
3455,1,Ail
3456,1,Panais
3457,0,Navet
3458,1,Ail
3459,1,Raifort
3460,0,Poireau
3461,1,Salsifis
3462,1,Oignon
3463,1,Artichaut
3464,0,Betterave
3465,1,Poireau
3466,1,Ail
3467,0,Betterave
3468,0,Ail
3469,0,Betterave
3470,0,Carotte
3471,0,Chou
3472,0,Panais
3473,0,Ail
3474,0,Salsifis
3475,1,Salsifis
3476,0,Oignon
3477,0,Poireau
3478,1,Oignon
3479,0,Betterave
3480,0,Chou
3481,1,Carotte
3482,1,Carotte
3483,0,Betterave
3484,0,Navet
3485,1,Oignon
3486,1,Navet
3487,0,Topinambour
3488,0,Topinambour
3489,1,Oignon
3490,1,Panais
3491,1,Panais
3492,0,Chou
3493,1,Chou
3494,1,Panais
3495,0,Panais
3496,1,Navet
3497,0,Raifort
3498,0,Chou
3499,0,Artichaut
3500,0,Carotte
3501,0,Ail
3502,1,Raifort
3503,0,Raifort
3504,0,Chou
3505,1,Chou
3506,0,Betterave
3507,0,Topinambour
3508,0,Oignon
3509,1,Navet
3510,0,Poireau
3511,1,Oignon
3512,0,Chou
3513,0,Panais
3514,1,Ail
3515,1,Chou
3516,0,Betterave
3517,1,Panais
3518,1,Topinambour
3519,1,Artichaut
3520,0,Raifort
3521,0,Topinambour
3522,0,Topinambour
3523,0,Betterave
3524,0,Poireau
3525,0,Panais
3526,0,Chou
3527,1,Oignon
3528,1,Panais
3529,0,Salsifis
3530,1,Artichaut
3531,1,Topinambour
3532,1,Ail
3533,1,Topinambour
3534,0,Ail
3535,0,Panais
3536,1,Oignon
3537,0,Betterave
3538,0,Betterave
3539,1,Panais
3540,1,Raifort
3541,0,Carotte
3542,0,Betterave
3543,1,Poireau
3544,1,Salsifis
3545,1,Artichaut
3546,1,Poireau
3547,1,Chou
3548,1,Ail
3549,0,Topinambour
3550,1,Chou
3551,1,Poireau
3552,0,Betterave
3553,0,Panais
3554,1,Oignon
3555,1,Oignon
3556,1,Oignon
3557,1,Chou
3558,0,Raifort
3559,1,Poireau
3560,1,Ail
3561,0,Poireau
3562,1,Artichaut
3563,0,Poireau
3564,0,Raifort
3565,1,Chou
3566,1,Chou
3567,1,Poireau
3568,0,Oignon
3569,1,Artichaut
3570,1,Salsifis
3571,1,Raifort
3572,1,Artichaut
3573,1,Navet
3574,1,Poireau
3575,0,Ail
3576,1,Carotte
3577,1,Topinambour
3578,0,Poireau
3579,1,Topinambour
3580,1,Ail
3581,1,Navet
3582,1,Poireau
3583,1,Betterave
3584,1,Chou
3585,0,Panais
3586,0,Topinambour
3587,0,Poireau
3588,0,Panais
3589,1,Betterave
3590,1,Oignon
3591,0,Salsifis
3592,1,Navet
3593,1,Topinambour
3594,0,Oignon
3595,0,Panais
3596,0,Topinambour
3597,1,Panais
3598,0,Salsifis
3599,1,Navet
3600,0,Oignon
3601,0,Poireau
3602,0,Chou
3603,0,Oignon
3604,1,Oignon
3605,0,Carotte
3606,0,Artichaut
3607,0,Panais
3608,0,Chou
3609,1,Panais
3610,0,Carotte
3611,1,Betterave
3612,1,Panais
3613,1,Ail
3614,1,Chou
3615,0,Carotte
3616,1,Ail
3617,0,Ail
3618,0,Raifort
3619,1,Oignon
3620,1,Chou
3621,1,Ail
3622,0,Salsifis
3623,0,Topinambour
3624,1,Salsifis
3625,0,Poireau
3626,1,Betterave
3627,1,Carotte
3628,1,Oignon
3629,0,Betterave
3630,1,Chou
3631,0,Poireau
3632,1,Betterave
3633,0,Ail
3634,1,Carotte
3635,0,Poireau
3636,1,Carotte
3637,1,Oignon
3638,1,Artichaut
3639,1,Chou
3640,0,Carotte
3641,1,Poireau
3642,1,Artichaut
3643,1,Artichaut
3644,1,Carotte
3645,0,Betterave
3646,0,Chou
3647,0,Oignon
3648,1,Panais
3649,0,Oignon
3650,1,Salsifis
3651,1,Betterave
3652,1,Artichaut
3653,0,Raifort
3654,0,Carotte
3655,0,Panais
3656,1,Oignon
3657,1,Oignon
3658,1,Poireau
3659,1,Carotte
3660,0,Oignon
3661,0,Ail
3662,1,Topinambour
3663,1,Ail
3664,1,Chou
3665,1,Oignon
3666,0,Oignon
3667,1,Artichaut
3668,1,Carotte
3669,1,Oignon
3670,1,Navet
3671,1,Carotte
3672,1,Ail
3673,1,Navet
3674,1,Panais
3675,0,Panais
3676,1,Artichaut
3677,0,Ail
3678,0,Oignon
3679,1,Ail
3680,1,Carotte
3681,1,Panais
3682,1,Poireau
3683,0,Poireau
3684,1,Raifort
3685,1,Navet
3686,0,Panais
3687,1,Salsifis
3688,1,Raifort
3689,0,Oignon
3690,0,Chou
3691,1,Topinambour
3692,1,Panais
3693,0,Navet
3694,0,Navet
3695,0,Oignon
3696,0,Panais
3697,0,Ail
3698,1,Panais
3699,0,Salsifis
3700,0,Artichaut
3701,0,Topinambour
3702,1,Navet
3703,1,Carotte
3704,0,Poireau
3705,1,Poireau
3706,0,Poireau
3707,1,Oignon
3708,1,Artichaut
3709,0,Artichaut
3710,0,Navet
3711,1,Salsifis
3712,0,Oignon
3713,1,Topinambour
3714,0,Navet
3715,0,Poireau
3716,0,Oignon
3717,1,Carotte
3718,1,Oignon
3719,0,Ail
3720,0,Navet
3721,0,Carotte
3722,1,Poireau
3723,1,Carotte
3724,1,Betterave
3725,1,Panais
3726,0,Topinambour
3727,0,Raifort
3728,0,Artichaut
3729,1,Poireau
3730,0,Panais
3731,1,Topinambour
3732,1,Carotte
3733,1,Ail
3734,1,Salsifis
3735,0,Poireau
3736,0,Oignon
3737,0,Carotte
3738,1,Raifort
3739,0,Topinambour
3740,1,Raifort
3741,1,Betterave
3742,0,Topinambour
3743,1,Oignon
3744,1,Betterave
3745,0,Panais
3746,1,Topinambour
3747,1,Betterave
3748,0,Betterave
3749,1,Raifort
3750,0,Panais
3751,1,Salsifis
3752,1,Poireau
3753,0,Oignon
3754,0,Salsifis
3755,1,Chou
3756,0,Carotte
3757,1,Topinambour
3758,0,Navet
3759,1,Navet
3760,1,Carotte
3761,0,Artichaut
3762,0,Topinambour
3763,0,Panais
3764,0,Carotte
3765,0,Raifort
3766,1,Chou
3767,0,Artichaut
3768,0,Artichaut
3769,1,Raifort
3770,0,Navet
3771,0,Topinambour
3772,1,Poireau
3773,1,Ail
3774,0,Navet
3775,0,Raifort
3776,0,Oignon
3777,1,Topinambour
3778,1,Carotte
3779,1,Artichaut
3780,0,Carotte
3781,0,Navet
3782,0,Salsifis
3783,0,Salsifis
3784,0,Salsifis
3785,0,Topinambour
3786,1,Topinambour
3787,1,Betterave
3788,0,Carotte
3789,1,Artichaut
3790,1,Raifort
3791,1,Raifort
3792,0,Ail
3793,1,Oignon
3794,1,Betterave
3795,1,Topinambour
3796,1,Carotte
3797,0,Chou
3798,1,Raifort
3799,1,Artichaut
3800,1,Oignon
3801,1,Oignon
3802,0,Oignon
3803,1,Navet
3804,0,Oignon
3805,1,Oignon
3806,0,Topinambour
3807,1,Raifort
3808,0,Betterave
3809,0,Raifort
3810,0,Topinambour
3811,1,Navet
3812,0,Poireau
3813,1,Artichaut
3814,0,Betterave
3815,1,Poireau
3816,1,Betterave
3817,1,Poireau
3818,0,Raifort
3819,1,Ail
3820,0,Topinambour
3821,1,Navet
3822,0,Panais
3823,0,Topinambour
3824,1,Navet
3825,0,Carotte
3826,1,Chou
3827,0,Topinambour
3828,1,Ail
3829,0,Chou
3830,1,Carotte
3831,1,Raifort
3832,0,Artichaut
3833,0,Oignon
3834,1,Raifort
3835,0,Salsifis
3836,1,Ail
3837,0,Oignon
3838,0,Betterave
3839,1,Poireau
3840,0,Panais
3841,1,Oignon
3842,0,Navet
3843,1,Chou
3844,1,Topinambour
3845,1,Poireau
3846,0,Betterave
3847,0,Topinambour
3848,0,Salsifis
3849,0,Raifort
3850,0,Topinambour
3851,0,Raifort
3852,1,Panais
3853,0,Salsifis
3854,0,Raifort
3855,1,Panais
3856,1,Oignon
3857,0,Navet
3858,1,Ail
3859,0,Oignon
3860,0,Navet
3861,1,Betterave
3862,0,Oignon
3863,1,Betterave
3864,1,Artichaut
3865,1,Raifort
3866,0,Poireau
3867,1,Salsifis
3868,1,Chou
3869,0,Ail
3870,0,Navet
3871,1,Ail
3872,0,Ail
3873,1,Navet
3874,0,Chou
3875,0,Navet
3876,0,Raifort
3877,0,Topinambour
3878,0,Topinambour
3879,1,Carotte
3880,0,Salsifis
3881,0,Salsifis
3882,1,Poireau
3883,1,Betterave
3884,0,Oignon
3885,1,Panais
3886,1,Topinambour
3887,0,Topinambour
3888,1,Ail
3889,0,Ail
3890,0,Ail
3891,0,Artichaut
3892,0,Oignon
3893,0,Salsifis
3894,1,Navet
3895,0,Chou
3896,0,Navet
3897,1,Chou
3898,0,Salsifis
3899,0,Chou
3900,1,Poireau
3901,1,Navet
3902,0,Raifort
3903,1,Chou
3904,1,Artichaut
3905,0,Poireau
3906,0,Salsifis
3907,1,Navet
3908,0,Navet
3909,0,Betterave
3910,0,Artichaut
3911,0,Ail
3912,1,Raifort
3913,1,Carotte
3914,0,Artichaut
3915,0,Poireau
3916,1,Betterave
3917,1,Chou
3918,0,Panais
3919,0,Navet
3920,0,Betterave
3921,1,Topinambour
3922,1,Ail
3923,1,Navet
3924,0,Poireau
3925,0,Salsifis
3926,1,Chou
3927,0,Raifort
3928,0,Oignon
3929,0,Panais
3930,0,Raifort
3931,1,Poireau
3932,1,Raifort
3933,1,Ail
3934,0,Oignon
3935,1,Navet
3936,0,Salsifis
3937,0,Navet
3938,1,Oignon
3939,0,Panais
3940,0,Chou
3941,0,Artichaut
3942,0,Oignon
3943,1,Carotte
3944,1,Navet
3945,1,Carotte
3946,1,Oignon
3947,1,Poireau
3948,0,Navet
3949,0,Topinambour
3950,0,Navet
3951,1,Carotte
3952,0,Poireau
3953,1,Carotte
3954,1,Topinambour
3955,1,Oignon
3956,0,Chou
3957,1,Panais
3958,0,Raifort
3959,1,Navet
3960,0,Topinambour
3961,1,Artichaut
3962,1,Raifort
3963,0,Topinambour
3964,1,Raifort
3965,1,Topinambour
3966,0,Chou
3967,0,Salsifis
3968,1,Raifort
3969,1,Navet
3970,1,Betterave
3971,0,Ail
3972,1,Raifort
3973,0,Carotte
3974,0,Oignon
3975,0,Panais
3976,0,Artichaut
3977,1,Chou
3978,0,Carotte
3979,1,Raifort
3980,0,Raifort
3981,0,Artichaut
3982,0,Oignon
3983,0,Poireau
3984,1,Carotte
3985,0,Chou
3986,0,Topinambour
3987,1,Raifort
3988,0,Raifort
3989,1,Artichaut
3990,1,Betterave
3991,0,Salsifis
3992,1,Betterave
3993,0,Oignon
3994,0,Betterave
3995,0,Ail
3996,1,Chou
3997,1,Ail
3998,0,Oignon
3999,1,Navet
4000,1,Ail
4001,0,Salsifis
4002,1,Artichaut
4003,0,Poireau
4004,0,Panais
4005,1,Ail
4006,1,Ail
4007,1,Artichaut
4008,0,Betterave
4009,0,Poireau
4010,0,Panais
4011,1,Navet
4012,0,Carotte
4013,0,Topinambour
4014,1,Raifort
4015,0,Poireau
4016,0,Oignon
4017,1,Artichaut
4018,1,Navet
4019,1,Salsifis
4020,1,Betterave
4021,1,Topinambour
4022,0,Raifort
4023,1,Topinambour
4024,0,Betterave
4025,0,Ail
4026,1,Raifort
4027,1,Poireau
4028,1,Salsifis
4029,1,Topinambour
4030,1,Raifort
4031,1,Artichaut
4032,0,Betterave
4033,1,Poireau
4034,1,Navet
4035,1,Topinambour
4036,0,Panais
4037,1,Ail
4038,0,Chou
4039,0,Salsifis
4040,1,Panais
4041,0,Navet
4042,0,Betterave
4043,0,Topinambour
4044,1,Raifort
4045,1,Poireau
4046,1,Oignon
4047,0,Topinambour
4048,0,Poireau
4049,0,Topinambour
4050,1,Artichaut
4051,1,Poireau
4052,0,Oignon
4053,0,Artichaut
4054,1,Artichaut
4055,1,Panais
4056,0,Oignon
4057,1,Topinambour
4058,1,Poireau
4059,1,Navet
4060,0,Navet
4061,0,Raifort
4062,0,Artichaut
4063,1,Topinambour
4064,1,Raifort
4065,0,Raifort
4066,1,Topinambour
4067,0,Panais
4068,0,Chou
4069,1,Navet
4070,0,Betterave
4071,1,Chou
4072,1,Artichaut
4073,0,Chou
4074,0,Salsifis
4075,0,Chou
4076,1,Navet
4077,0,Betterave
4078,0,Chou
4079,1,Poireau
4080,0,Navet
4081,1,Ail
4082,0,Panais
4083,1,Betterave
4084,1,Betterave
4085,0,Carotte
4086,1,Artichaut
4087,1,Betterave
4088,1,Panais
4089,1,Raifort
4090,1,Chou
4091,0,Artichaut
4092,0,Salsifis
4093,1,Oignon
4094,1,Betterave
4095,1,Navet
4096,0,Panais
4097,1,Raifort
4098,0,Artichaut
4099,0,Poireau
4100,0,Chou
4101,0,Artichaut
4102,1,Navet
4103,1,Salsifis
4104,1,Navet
4105,0,Raifort
4106,0,Ail
4107,1,Ail
4108,1,Artichaut
4109,0,Poireau
4110,0,Panais
4111,1,Oignon
4112,1,Panais
4113,0,Salsifis
4114,1,Betterave
4115,1,Poireau
4116,0,Oignon
4117,1,Raifort
4118,0,Panais
4119,0,Poireau
4120,0,Artichaut
4121,1,Ail
4122,0,Poireau
4123,1,Raifort
4124,1,Oignon
4125,1,Ail
4126,1,Topinambour
4127,0,Topinambour
4128,1,Panais
4129,0,Salsifis
4130,0,Poireau
4131,1,Navet
4132,1,Oignon
4133,0,Topinambour
4134,0,Ail
4135,0,Ail
4136,1,Artichaut
4137,0,Carotte
4138,1,Topinambour
4139,0,Raifort
4140,1,Raifort
4141,0,Poireau
4142,1,Topinambour
4143,0,Oignon
4144,1,Topinambour
4145,1,Betterave
4146,0,Ail
4147,0,Salsifis
4148,1,Navet
4149,0,Navet
4150,0,Artichaut
4151,0,Oignon
4152,1,Raifort
4153,0,Poireau
4154,1,Artichaut
4155,1,Topinambour
4156,0,Artichaut
4157,0,Ail
4158,1,Raifort
4159,0,Betterave
4160,1,Oignon
4161,0,Chou
4162,0,Panais
4163,1,Raifort
4164,0,Salsifis
4165,0,Navet
4166,0,Oignon
4167,1,Salsifis
4168,0,Navet
4169,1,Carotte
4170,1,Carotte
4171,0,Oignon
4172,0,Betterave
4173,1,Ail
4174,1,Poireau
4175,0,Betterave
4176,1,Poireau
4177,0,Chou
4178,0,Oignon
4179,0,Chou
4180,1,Topinambour
4181,0,Artichaut
4182,1,Salsifis
4183,1,Salsifis
4184,1,Betterave
4185,1,Chou
4186,1,Ail
4187,0,Artichaut
4188,0,Navet
4189,1,Oignon
4190,1,Betterave
4191,1,Poireau
4192,0,Raifort
4193,1,Panais
4194,0,Navet
4195,1,Raifort
4196,1,Oignon
4197,1,Topinambour
4198,0,Navet
4199,1,Oignon
4200,1,Oignon
4201,0,Ail
4202,1,Oignon
4203,0,Artichaut
4204,0,Raifort
4205,1,Salsifis
4206,0,Navet
4207,0,Artichaut
4208,0,Oignon
4209,1,Navet
4210,1,Carotte
4211,0,Oignon
4212,0,Raifort
4213,0,Navet
4214,0,Topinambour
4215,1,Panais
4216,1,Artichaut
4217,1,Navet
4218,1,Carotte
4219,1,Oignon
4220,0,Betterave
4221,1,Navet
4222,1,Poireau
4223,1,Chou
4224,1,Ail
4225,1,Betterave
4226,1,Topinambour
4227,1,Raifort
4228,0,Oignon
4229,1,Artichaut
4230,1,Salsifis
4231,0,Betterave
4232,1,Chou
4233,1,Navet
4234,0,Topinambour
4235,0,Chou
4236,0,Ail
4237,1,Topinambour
4238,0,Chou
4239,1,Poireau
4240,0,Panais
4241,0,Carotte
4242,0,Chou
4243,0,Artichaut
4244,0,Poireau
4245,0,Panais
4246,0,Chou
4247,0,Artichaut
4248,0,Panais
4249,1,Chou
4250,0,Ail
4251,0,Topinambour
4252,0,Betterave
4253,1,Panais
4254,1,Chou
4255,1,Ail
4256,0,Topinambour
4257,0,Panais
4258,1,Carotte
4259,0,Carotte
4260,0,Chou
4261,1,Betterave
4262,1,Oignon
4263,1,Poireau
4264,1,Oignon
4265,0,Artichaut
4266,1,Panais
4267,1,Oignon
4268,0,Artichaut
4269,0,Navet
4270,1,Navet
4271,0,Artichaut
4272,1,Panais
4273,1,Raifort
4274,0,Chou
4275,1,Raifort
4276,1,Navet
4277,0,Salsifis
4278,1,Artichaut
4279,0,Betterave
4280,0,Chou
4281,1,Carotte
4282,1,Poireau
4283,0,Salsifis
4284,1,Chou
4285,1,Oignon
4286,0,Panais
4287,0,Oignon
4288,0,Raifort
4289,0,Betterave
4290,1,Betterave
4291,1,Oignon
4292,0,Panais
4293,1,Chou
4294,0,Betterave
4295,0,Carotte
4296,0,Oignon
4297,1,Betterave
4298,1,Chou
4299,0,Poireau
4300,0,Navet
4301,0,Carotte
4302,0,Betterave
4303,0,Navet
4304,0,Navet
4305,1,Ail
4306,0,Oignon
4307,1,Chou
4308,1,Oignon
4309,1,Navet
4310,0,Panais
4311,0,Ail
4312,0,Oignon
4313,0,Navet
4314,0,Poireau
4315,0,Poireau
4316,1,Raifort
4317,0,Salsifis
4318,0,Carotte
4319,0,Raifort
4320,1,Ail
4321,0,Panais
4322,1,Ail
4323,0,Raifort
4324,0,Carotte
4325,0,Topinambour
4326,1,Carotte
4327,0,Artichaut
4328,1,Panais
4329,0,Chou
4330,1,Betterave
4331,0,Topinambour
4332,0,Panais
4333,0,Artichaut
4334,0,Topinambour
4335,1,Carotte
4336,1,Chou
4337,1,Topinambour
4338,1,Oignon
4339,0,Artichaut
4340,1,Raifort
4341,0,Salsifis
4342,0,Carotte
4343,1,Raifort
4344,0,Carotte
4345,0,Navet
4346,0,Navet
4347,0,Salsifis
4348,1,Topinambour
4349,0,Navet
4350,0,Artichaut
4351,0,Poireau
4352,0,Panais
4353,1,Panais
4354,0,Salsifis
4355,0,Salsifis
4356,1,Panais
4357,1,Poireau
4358,0,Betterave
4359,0,Betterave
4360,1,Artichaut
4361,1,Artichaut
4362,1,Ail
4363,0,Artichaut
4364,1,Navet
4365,0,Chou
4366,0,Artichaut
4367,1,Panais
4368,0,Oignon
4369,0,Navet
4370,1,Raifort
4371,1,Artichaut
4372,0,Carotte
4373,0,Ail
4374,0,Raifort
4375,0,Panais
4376,1,Topinambour
4377,0,Chou
4378,0,Oignon
4379,1,Salsifis
4380,0,Panais
4381,1,Panais
4382,0,Oignon
4383,1,Poireau
4384,0,Oignon
4385,1,Ail
4386,1,Chou
4387,0,Topinambour
4388,0,Raifort
4389,1,Raifort
4390,0,Carotte
4391,0,Raifort
4392,0,Carotte
4393,1,Poireau
4394,0,Chou
4395,0,Topinambour
4396,0,Chou
4397,1,Betterave
4398,0,Artichaut
4399,0,Carotte
4400,1,Panais
4401,0,Ail
4402,1,Carotte
4403,0,Carotte
4404,1,Carotte
4405,1,Ail
4406,0,Poireau
4407,1,Navet
4408,1,Topinambour
4409,1,Chou
4410,1,Topinambour
4411,1,Salsifis
4412,0,Panais
4413,1,Chou
4414,0,Artichaut
4415,1,Chou
4416,0,Oignon
4417,0,Raifort
4418,0,Poireau
4419,0,Topinambour
4420,1,Navet
4421,0,Chou
4422,0,Carotte
4423,0,Panais
4424,1,Salsifis
4425,1,Oignon
4426,0,Navet
4427,0,Panais
4428,0,Artichaut
4429,0,Artichaut
4430,1,Betterave
4431,0,Panais
4432,0,Ail
4433,0,Betterave
4434,0,Navet
4435,1,Raifort
4436,1,Panais
4437,1,Oignon
4438,0,Raifort
4439,1,Carotte
4440,1,Artichaut
4441,0,Poireau
4442,0,Chou
4443,1,Chou
4444,0,Artichaut
4445,1,Raifort
4446,1,Topinambour
4447,1,Topinambour
4448,0,Poireau
4449,0,Carotte
4450,0,Ail
4451,0,Oignon
4452,0,Salsifis
4453,1,Chou
4454,1,Navet
4455,0,Carotte
4456,0,Raifort
4457,1,Artichaut
4458,0,Carotte
4459,0,Panais
4460,1,Betterave
4461,0,Salsifis
4462,1,Panais
4463,0,Carotte
4464,1,Salsifis
4465,0,Carotte
4466,1,Ail
4467,1,Artichaut
4468,0,Artichaut
4469,1,Topinambour
4470,1,Ail
4471,0,Betterave
4472,0,Carotte
4473,0,Poireau
4474,1,Oignon
4475,1,Chou
4476,1,Poireau
4477,1,Topinambour
4478,1,Raifort
4479,1,Carotte
4480,0,Ail
4481,0,Oignon
4482,1,Artichaut
4483,1,Panais
4484,1,Carotte
4485,0,Carotte
4486,0,Poireau
4487,0,Oignon
4488,0,Chou
4489,1,Poireau
4490,0,Ail
4491,0,Betterave
4492,1,Carotte
4493,0,Chou
4494,1,Oignon
4495,0,Artichaut
4496,0,Betterave
4497,1,Navet
4498,0,Poireau
4499,1,Panais
4500,1,Chou
4501,1,Panais
4502,0,Oignon
4503,0,Raifort
4504,1,Carotte
4505,0,Navet
4506,0,Topinambour
4507,0,Poireau
4508,0,Betterave
4509,0,Panais
4510,1,Artichaut
4511,0,Betterave
4512,1,Chou
4513,1,Carotte
4514,0,Topinambour
4515,1,Carotte
4516,0,Salsifis
4517,1,Oignon
4518,0,Panais
4519,1,Topinambour
4520,0,Ail
4521,1,Chou
4522,0,Oignon
4523,1,Poireau
4524,0,Poireau
4525,0,Salsifis
4526,0,Artichaut
4527,1,Salsifis
4528,0,Raifort
4529,1,Salsifis
4530,0,Salsifis
4531,0,Ail
4532,1,Navet
4533,0,Salsifis
4534,1,Artichaut
4535,1,Panais
4536,0,Chou
4537,0,Chou
4538,0,Betterave
4539,0,Chou
4540,0,Navet
4541,0,Oignon
4542,0,Navet
4543,1,Artichaut
4544,0,Navet
4545,0,Ail
4546,0,Chou
4547,0,Chou
4548,1,Navet
4549,0,Salsifis
4550,1,Poireau
4551,0,Carotte
4552,1,Oignon
4553,0,Navet
4554,1,Raifort
4555,0,Betterave
4556,0,Ail
4557,1,Poireau
4558,0,Ail
4559,1,Ail
4560,1,Chou
4561,1,Raifort
4562,0,Carotte
4563,0,Topinambour
4564,1,Topinambour
4565,1,Topinambour
4566,1,Raifort
4567,0,Chou
4568,0,Artichaut
4569,1,Topinambour
4570,1,Artichaut
4571,1,Ail
4572,0,Ail
4573,0,Betterave
4574,0,Panais
4575,1,Salsifis
4576,0,Raifort
4577,1,Betterave
4578,1,Carotte
4579,1,Artichaut
4580,0,Betterave
4581,0,Panais
4582,0,Salsifis
4583,1,Topinambour
4584,0,Ail
4585,0,Topinambour
4586,0,Salsifis
4587,0,Betterave
4588,0,Poireau
4589,1,Carotte
4590,1,Raifort
4591,1,Navet
4592,0,Artichaut
4593,1,Topinambour
4594,0,Panais
4595,1,Poireau
4596,0,Salsifis
4597,1,Panais
4598,1,Ail
4599,0,Oignon
4600,1,Poireau
4601,1,Oignon
4602,0,Topinambour
4603,1,Raifort
4604,1,Panais
4605,1,Oignon
4606,1,Oignon
4607,1,Navet
4608,1,Raifort
4609,0,Panais
4610,0,Topinambour
4611,1,Navet
4612,1,Artichaut
4613,0,Salsifis
4614,0,Raifort
4615,0,Navet
4616,0,Betterave
4617,0,Salsifis
4618,0,Topinambour
4619,0,Chou
4620,0,Betterave
4621,1,Carotte
4622,0,Betterave
4623,0,Salsifis
4624,0,Betterave
4625,0,Chou
4626,0,Carotte
4627,0,Raifort
4628,0,Carotte
4629,0,Chou
4630,0,Carotte
4631,1,Ail
4632,1,Betterave
4633,1,Oignon
4634,1,Topinambour
4635,1,Topinambour
4636,1,Ail
4637,0,Artichaut
4638,0,Poireau
4639,0,Navet
4640,0,Carotte
4641,0,Artichaut
4642,0,Topinambour
4643,0,Oignon
4644,1,Salsifis
4645,0,Carotte
4646,0,Artichaut
4647,1,Poireau
4648,0,Ail
4649,0,Ail
4650,0,Navet
4651,0,Salsifis
4652,0,Artichaut
4653,0,Artichaut
4654,1,Oignon
4655,0,Salsifis
4656,1,Oignon
4657,0,Chou
4658,0,Navet
4659,0,Betterave
4660,0,Betterave
4661,0,Betterave
4662,1,Raifort
4663,0,Ail
4664,1,Topinambour
4665,1,Artichaut
4666,0,Oignon
4667,1,Betterave
4668,1,Topinambour
4669,0,Salsifis
4670,0,Topinambour
4671,1,Topinambour
4672,1,Raifort
4673,0,Topinambour
4674,0,Chou
4675,1,Poireau
4676,0,Raifort
4677,0,Topinambour
4678,1,Artichaut
4679,1,Salsifis
4680,1,Navet
4681,1,Navet
4682,0,Poireau
4683,0,Salsifis
4684,1,Poireau
4685,0,Navet
4686,1,Ail
4687,1,Salsifis
4688,1,Betterave
4689,1,Panais
4690,0,Carotte
4691,1,Panais
4692,0,Ail
4693,1,Carotte
4694,1,Navet
4695,1,Ail
4696,0,Carotte
4697,1,Chou
4698,1,Ail
4699,1,Poireau
4700,0,Betterave
4701,0,Betterave
4702,1,Chou
4703,1,Carotte
4704,1,Salsifis
4705,1,Panais
4706,0,Artichaut
4707,1,Oignon
4708,1,Raifort
4709,1,Raifort
4710,1,Navet
4711,0,Navet
4712,0,Panais
4713,0,Artichaut
4714,0,Navet
4715,0,Raifort
4716,0,Raifort
4717,1,Oignon
4718,1,Carotte
4719,0,Carotte
4720,0,Artichaut
4721,0,Carotte
4722,1,Ail
4723,0,Panais
4724,1,Chou
4725,0,Carotte
4726,1,Betterave
4727,0,Topinambour
4728,1,Betterave
4729,0,Poireau
4730,1,Ail
4731,1,Topinambour
4732,1,Chou
4733,0,Carotte
4734,0,Raifort
4735,0,Carotte
4736,1,Ail
4737,0,Carotte
4738,1,Betterave
4739,1,Carotte
4740,1,Ail
4741,0,Ail
4742,0,Artichaut
4743,1,Raifort
4744,0,Poireau
4745,0,Betterave
4746,0,Betterave
4747,0,Raifort
4748,0,Salsifis
4749,0,Poireau
4750,1,Poireau
4751,1,Oignon
4752,1,Ail
4753,0,Navet
4754,0,Betterave
4755,0,Poireau
4756,1,Navet
4757,0,Salsifis
4758,0,Betterave
4759,1,Panais
4760,0,Raifort
4761,0,Poireau
4762,0,Panais
4763,0,Salsifis
4764,1,Artichaut
4765,1,Panais
4766,0,Raifort
4767,0,Ail
4768,0,Navet
4769,1,Betterave
4770,0,Panais
4771,1,Navet
4772,0,Topinambour
4773,0,Artichaut
4774,0,Navet
4775,0,Betterave
4776,0,Poireau
4777,1,Topinambour
4778,1,Carotte
4779,1,Raifort
4780,1,Ail
4781,0,Poireau
4782,1,Artichaut
4783,0,Chou
4784,1,Artichaut
4785,0,Salsifis
4786,0,Oignon
4787,1,Raifort
4788,0,Raifort
4789,0,Salsifis
4790,1,Oignon
4791,0,Salsifis
4792,0,Betterave
4793,0,Panais
4794,0,Betterave
4795,1,Betterave
4796,1,Panais
4797,1,Chou
4798,0,Navet
4799,0,Betterave
4800,0,Oignon
4801,0,Navet
4802,0,Chou
4803,1,Oignon
4804,0,Raifort
4805,0,Topinambour
4806,0,Topinambour
4807,1,Oignon
4808,1,Raifort
4809,1,Betterave
4810,1,Ail
4811,1,Carotte
4812,0,Chou
4813,0,Betterave
4814,1,Raifort
4815,1,Navet
4816,0,Poireau
4817,1,Betterave
4818,1,Artichaut
4819,1,Artichaut
4820,0,Topinambour
4821,1,Panais
4822,0,Poireau
4823,1,Chou
4824,1,Raifort
4825,0,Ail
4826,1,Panais
4827,0,Panais
4828,0,Topinambour
4829,0,Navet
4830,0,Navet
4831,0,Ail
4832,0,Topinambour
4833,1,Artichaut
4834,1,Chou
4835,1,Navet
4836,0,Raifort
4837,0,Ail
4838,1,Panais
4839,1,Navet
4840,0,Artichaut
4841,1,Salsifis
4842,1,Oignon
4843,0,Panais
4844,0,Topinambour
4845,1,Poireau
4846,1,Betterave
4847,1,Navet
4848,1,Raifort
4849,1,Navet
4850,1,Ail
4851,1,Chou
4852,0,Ail
4853,0,Betterave
4854,1,Ail
4855,0,Betterave
4856,1,Panais
4857,0,Raifort
4858,0,Topinambour
4859,1,Artichaut
4860,0,Panais
4861,1,Chou
4862,1,Topinambour
4863,0,Poireau
4864,0,Artichaut
4865,1,Raifort
4866,1,Chou
4867,0,Betterave
4868,0,Carotte
4869,1,Poireau
4870,1,Chou
4871,0,Ail
4872,0,Carotte
4873,1,Artichaut
4874,1,Raifort
4875,0,Panais
4876,1,Panais
4877,1,Ail
4878,1,Chou
4879,1,Betterave
4880,0,Raifort
4881,0,Navet
4882,0,Ail
4883,0,Carotte
4884,1,Betterave
4885,1,Carotte
4886,0,Raifort
4887,1,Ail
4888,0,Oignon
4889,0,Betterave
4890,1,Panais
4891,0,Oignon
4892,1,Poireau
4893,0,Poireau
4894,0,Salsifis
4895,0,Salsifis
4896,1,Ail
4897,0,Topinambour
4898,0,Carotte
4899,0,Artichaut
4900,0,Navet
4901,1,Topinambour
4902,0,Panais
4903,0,Navet
4904,1,Panais
4905,0,Raifort
4906,1,Panais
4907,1,Chou
4908,0,Betterave
4909,0,Topinambour
4910,0,Panais
4911,1,Topinambour
4912,0,Navet
4913,0,Ail
4914,0,Ail
4915,0,Raifort
4916,0,Chou
4917,0,Panais
4918,1,Raifort
4919,0,Topinambour
4920,1,Artichaut
4921,1,Betterave
4922,0,Topinambour
4923,0,Panais
4924,0,Oignon
4925,1,Navet
4926,1,Oignon
4927,0,Artichaut
4928,1,Ail
4929,0,Navet
4930,0,Salsifis
4931,0,Salsifis
4932,0,Salsifis
4933,1,Navet
4934,1,Artichaut
4935,0,Chou
4936,1,Artichaut
4937,0,Panais
4938,1,Topinambour
4939,0,Navet
4940,0,Raifort
4941,0,Topinambour
4942,0,Betterave
4943,0,Panais
4944,0,Betterave
4945,1,Ail
4946,1,Panais
4947,0,Raifort
4948,1,Panais
4949,1,Betterave
4950,1,Navet
4951,1,Oignon
4952,0,Betterave
4953,1,Panais
4954,1,Navet
4955,1,Navet
4956,1,Raifort
4957,1,Topinambour
4958,1,Panais
4959,1,Carotte
4960,1,Panais
4961,1,Raifort
4962,1,Poireau
4963,1,Panais
4964,1,Artichaut
4965,0,Oignon
4966,0,Raifort
4967,0,Salsifis
4968,0,Oignon
4969,1,Salsifis
4970,1,Salsifis
4971,0,Poireau
4972,1,Betterave
4973,0,Betterave
4974,0,Betterave
4975,0,Poireau
4976,0,Navet
4977,0,Poireau
4978,1,Panais
4979,0,Artichaut
4980,1,Topinambour
4981,0,Topinambour
4982,1,Panais
4983,0,Carotte
4984,0,Salsifis
4985,0,Artichaut
4986,0,Topinambour
4987,0,Oignon
4988,0,Oignon
4989,1,Topinambour
4990,1,Artichaut
4991,0,Raifort
4992,1,Raifort
4993,1,Topinambour
4994,1,Topinambour
4995,0,Oignon
4996,0,Oignon
4997,1,Artichaut
4998,1,Navet
4999,0,Oignon
5000,0,Betterave
